image_path,stage,date,temperature_2m (°C),relative_humidity_2m (%),precipitation (mm),soil_temperature_0_to_7cm (°C),soil_temperature_7_to_28cm (°C),soil_moisture_0_to_7cm (m³/m³),soil_moisture_7_to_28cm (m³/m³),wind_speed_10m (km/h),latitude,longitude,elevation,utc_offset_seconds,timezone,timezone_abbreviation
data\Tomato_Plant_Stages_Dataset\Stage1_Early_Vegetative\1709272861332.jpg,Stage1_Early_Vegetative,2025-03-25,10.3,94,0.0,9.5,8.9,0.245,0.158,3.6,42.636204,25.353981,442.0,10800,Europe/Sofia,GMT+3
data\Tomato_Plant_Stages_Dataset\Stage1_Early_Vegetative\1709272861339.jpg,Stage1_Early_Vegetative,2025-03-25,10.3,94,0.0,9.5,8.9,0.245,0.158,3.6,42.636204,25.353981,442.0,10800,Europe/Sofia,GMT+3
data\Tomato_Plant_Stages_Dataset\Stage1_Early_Vegetative\1709272861347.jpg,Stage1_Early_Vegetative,2025-03-25,10.3,94,0.0,9.5,8.9,0.245,0.158,3.6,42.636204,25.353981,442.0,10800,Europe/Sofia,GMT+3
data\Tomato_Plant_Stages_Dataset\Stage1_Early_Vegetative\1709272861355.jpg,Stage1_Early_Vegetative,2025-03-26,12.3,93,0.0,12.1,11.3,0.201,0.151,2.7,42.636204,25.353981,442.0,10800,Europe/Sofia,GMT+3
data\Tomato_Plant_Stages_Dataset\Stage1_Early_Vegetative\1709272861365.jpg,Stage1_Early_Vegetative,2025-03-26,12.3,93,0.0,12.1,11.3,0.201,0.151,2.7,42.636204,25.353981,442.0,10800,Europe/Sofia,GMT+3
data\Tomato_Plant_Stages_Dataset\Stage1_Early_Vegetative\1709272861373.jpg,Stage1_Early_Vegetative,2025-03-26,12.3,93,0.0,12.1,11.3,0.201,0.151,2.7,42.636204,25.353981,442.0,10800,Europe/Sofia,GMT+3
data\Tomato_Plant_Stages_Dataset\Stage1_Early_Vegetative\1709272861381.jpg,Stage1_Early_Vegetative,2025-03-26,12.3,93,0.0,12.1,11.3,0.201,0.151,2.7,42.636204,25.353981,442.0,10800,Europe/Sofia,GMT+3
data\Tomato_Plant_Stages_Dataset\Stage1_Early_Vegetative\1709272861388.jpg,Stage1_Early_Vegetative,2025-03-26,12.3,93,0.0,12.1,11.3,0.201,0.151,2.7,42.636204,25.353981,442.0,10800,Europe/Sofia,GMT+3
data\Tomato_Plant_Stages_Dataset\Stage1_Early_Vegetative\1709272861396.jpg,Stage1_Early_Vegetative,2025-03-26,12.3,93,0.0,12.1,11.3,0.201,0.151,2.7,42.636204,25.353981,442.0,10800,Europe/Sofia,GMT+3
data\Tomato_Plant_Stages_Dataset\Stage1_Early_Vegetative\1709272861403.jpg,Stage1_Early_Vegetative,2025-03-27,11.3,94,0.0,11.4,11.6,0.208,0.141,5.9,42.636204,25.353981,442.0,10800,Europe/Sofia,GMT+3
data\Tomato_Plant_Stages_Dataset\Stage1_Early_Vegetative\1709272861412.jpg,Stage1_Early_Vegetative,2025-03-27,11.3,94,0.0,11.4,11.6,0.208,0.141,5.9,42.636204,25.353981,442.0,10800,Europe/Sofia,GMT+3
data\Tomato_Plant_Stages_Dataset\Stage1_Early_Vegetative\1709272861419.jpg,Stage1_Early_Vegetative,2025-03-27,11.3,94,0.0,11.4,11.6,0.208,0.141,5.9,42.636204,25.353981,442.0,10800,Europe/Sofia,GMT+3
data\Tomato_Plant_Stages_Dataset\Stage1_Early_Vegetative\1709272861427.jpg,Stage1_Early_Vegetative,2025-03-27,11.3,94,0.0,11.4,11.6,0.208,0.141,5.9,42.636204,25.353981,442.0,10800,Europe/Sofia,GMT+3
data\Tomato_Plant_Stages_Dataset\Stage1_Early_Vegetative\1709272861439.jpg,Stage1_Early_Vegetative,2025-03-27,11.3,94,0.0,11.4,11.6,0.208,0.141,5.9,42.636204,25.353981,442.0,10800,Europe/Sofia,GMT+3
data\Tomato_Plant_Stages_Dataset\Stage1_Early_Vegetative\1709272861445.jpg,Stage1_Early_Vegetative,2025-03-28,11.2,61,0.0,12.3,12.2,0.199,0.143,5.1,42.636204,25.353981,442.0,10800,Europe/Sofia,GMT+3
data\Tomato_Plant_Stages_Dataset\Stage1_Early_Vegetative\1709272861451.jpg,Stage1_Early_Vegetative,2025-03-28,11.2,61,0.0,12.3,12.2,0.199,0.143,5.1,42.636204,25.353981,442.0,10800,Europe/Sofia,GMT+3
data\Tomato_Plant_Stages_Dataset\Stage1_Early_Vegetative\1709272861457.jpg,Stage1_Early_Vegetative,2025-03-28,11.2,61,0.0,12.3,12.2,0.199,0.143,5.1,42.636204,25.353981,442.0,10800,Europe/Sofia,GMT+3
data\Tomato_Plant_Stages_Dataset\Stage1_Early_Vegetative\1709272861463.jpg,Stage1_Early_Vegetative,2025-03-28,11.2,61,0.0,12.3,12.2,0.199,0.143,5.1,42.636204,25.353981,442.0,10800,Europe/Sofia,GMT+3
data\Tomato_Plant_Stages_Dataset\Stage1_Early_Vegetative\1709272861470.jpg,Stage1_Early_Vegetative,2025-03-28,11.2,61,0.0,12.3,12.2,0.199,0.143,5.1,42.636204,25.353981,442.0,10800,Europe/Sofia,GMT+3
data\Tomato_Plant_Stages_Dataset\Stage1_Early_Vegetative\1709272861476.jpg,Stage1_Early_Vegetative,2025-03-28,11.2,61,0.0,12.3,12.2,0.199,0.143,5.1,42.636204,25.353981,442.0,10800,Europe/Sofia,GMT+3
data\Tomato_Plant_Stages_Dataset\Stage1_Early_Vegetative\1709272861484.jpg,Stage1_Early_Vegetative,2025-03-29,8.5,93,0.1,9.6,10.8,0.288,0.146,2.7,42.636204,25.353981,442.0,10800,Europe/Sofia,GMT+3
data\Tomato_Plant_Stages_Dataset\Stage1_Early_Vegetative\1709272861491.jpg,Stage1_Early_Vegetative,2025-03-29,8.5,93,0.1,9.6,10.8,0.288,0.146,2.7,42.636204,25.353981,442.0,10800,Europe/Sofia,GMT+3
data\Tomato_Plant_Stages_Dataset\Stage1_Early_Vegetative\1709272861502.jpg,Stage1_Early_Vegetative,2025-03-29,8.5,93,0.1,9.6,10.8,0.288,0.146,2.7,42.636204,25.353981,442.0,10800,Europe/Sofia,GMT+3
data\Tomato_Plant_Stages_Dataset\Stage1_Early_Vegetative\1709272861509.jpg,Stage1_Early_Vegetative,2025-03-29,8.5,93,0.1,9.6,10.8,0.288,0.146,2.7,42.636204,25.353981,442.0,10800,Europe/Sofia,GMT+3
data\Tomato_Plant_Stages_Dataset\Stage1_Early_Vegetative\1709272861516.jpg,Stage1_Early_Vegetative,2025-03-29,8.5,93,0.1,9.6,10.8,0.288,0.146,2.7,42.636204,25.353981,442.0,10800,Europe/Sofia,GMT+3
data\Tomato_Plant_Stages_Dataset\Stage1_Early_Vegetative\1709272861523.jpg,Stage1_Early_Vegetative,2025-03-29,8.5,93,0.1,9.6,10.8,0.288,0.146,2.7,42.636204,25.353981,442.0,10800,Europe/Sofia,GMT+3
data\Tomato_Plant_Stages_Dataset\Stage1_Early_Vegetative\1709272861530.jpg,Stage1_Early_Vegetative,2025-03-30,6.6,93,0.0,9.0,10.8,0.268,0.159,2.2,42.636204,25.353981,442.0,10800,Europe/Sofia,GMT+3
data\Tomato_Plant_Stages_Dataset\Stage1_Early_Vegetative\1709272861538.jpg,Stage1_Early_Vegetative,2025-03-30,6.6,93,0.0,9.0,10.8,0.268,0.159,2.2,42.636204,25.353981,442.0,10800,Europe/Sofia,GMT+3
data\Tomato_Plant_Stages_Dataset\Stage1_Early_Vegetative\1709272861546.jpg,Stage1_Early_Vegetative,2025-03-30,6.6,93,0.0,9.0,10.8,0.268,0.159,2.2,42.636204,25.353981,442.0,10800,Europe/Sofia,GMT+3
data\Tomato_Plant_Stages_Dataset\Stage1_Early_Vegetative\1709272861552.jpg,Stage1_Early_Vegetative,2025-03-30,6.6,93,0.0,9.0,10.8,0.268,0.159,2.2,42.636204,25.353981,442.0,10800,Europe/Sofia,GMT+3
data\Tomato_Plant_Stages_Dataset\Stage1_Early_Vegetative\1709272861557.jpg,Stage1_Early_Vegetative,2025-03-30,6.6,93,0.0,9.0,10.8,0.268,0.159,2.2,42.636204,25.353981,442.0,10800,Europe/Sofia,GMT+3
data\Tomato_Plant_Stages_Dataset\Stage1_Early_Vegetative\1709272861567.jpg,Stage1_Early_Vegetative,2025-03-31,9.2,94,0.0,9.5,10.7,0.329,0.162,1.3,42.636204,25.353981,442.0,10800,Europe/Sofia,GMT+3
data\Tomato_Plant_Stages_Dataset\Stage1_Early_Vegetative\1709272861573.jpg,Stage1_Early_Vegetative,2025-03-31,9.2,94,0.0,9.5,10.7,0.329,0.162,1.3,42.636204,25.353981,442.0,10800,Europe/Sofia,GMT+3
data\Tomato_Plant_Stages_Dataset\Stage1_Early_Vegetative\1709272861580.jpg,Stage1_Early_Vegetative,2025-03-31,9.2,94,0.0,9.5,10.7,0.329,0.162,1.3,42.636204,25.353981,442.0,10800,Europe/Sofia,GMT+3
data\Tomato_Plant_Stages_Dataset\Stage1_Early_Vegetative\1709272861588.jpg,Stage1_Early_Vegetative,2025-03-31,9.2,94,0.0,9.5,10.7,0.329,0.162,1.3,42.636204,25.353981,442.0,10800,Europe/Sofia,GMT+3
data\Tomato_Plant_Stages_Dataset\Stage1_Early_Vegetative\1709272861596.jpg,Stage1_Early_Vegetative,2025-03-31,9.2,94,0.0,9.5,10.7,0.329,0.162,1.3,42.636204,25.353981,442.0,10800,Europe/Sofia,GMT+3
data\Tomato_Plant_Stages_Dataset\Stage1_Early_Vegetative\1709272861604.jpg,Stage1_Early_Vegetative,2025-03-31,9.2,94,0.0,9.5,10.7,0.329,0.162,1.3,42.636204,25.353981,442.0,10800,Europe/Sofia,GMT+3
data\Tomato_Plant_Stages_Dataset\Stage1_Early_Vegetative\1709272861613.jpg,Stage1_Early_Vegetative,2025-04-01,7.9,94,0.0,9.2,10.9,0.289,0.171,2.1,42.636204,25.353981,442.0,10800,Europe/Sofia,GMT+3
data\Tomato_Plant_Stages_Dataset\Stage1_Early_Vegetative\1709272861621.jpg,Stage1_Early_Vegetative,2025-04-01,7.9,94,0.0,9.2,10.9,0.289,0.171,2.1,42.636204,25.353981,442.0,10800,Europe/Sofia,GMT+3
data\Tomato_Plant_Stages_Dataset\Stage1_Early_Vegetative\1709272861629.jpg,Stage1_Early_Vegetative,2025-04-01,7.9,94,0.0,9.2,10.9,0.289,0.171,2.1,42.636204,25.353981,442.0,10800,Europe/Sofia,GMT+3
data\Tomato_Plant_Stages_Dataset\Stage1_Early_Vegetative\1709272861637.jpg,Stage1_Early_Vegetative,2025-04-01,7.9,94,0.0,9.2,10.9,0.289,0.171,2.1,42.636204,25.353981,442.0,10800,Europe/Sofia,GMT+3
data\Tomato_Plant_Stages_Dataset\Stage1_Early_Vegetative\1709272861647.jpg,Stage1_Early_Vegetative,2025-04-01,7.9,94,0.0,9.2,10.9,0.289,0.171,2.1,42.636204,25.353981,442.0,10800,Europe/Sofia,GMT+3
data\Tomato_Plant_Stages_Dataset\Stage1_Early_Vegetative\1709272861656.jpg,Stage1_Early_Vegetative,2025-04-02,8.5,97,0.2,9.2,9.9,0.322,0.184,3.1,42.636204,25.353981,442.0,10800,Europe/Sofia,GMT+3
data\Tomato_Plant_Stages_Dataset\Stage1_Early_Vegetative\1709272861664.jpg,Stage1_Early_Vegetative,2025-04-02,8.5,97,0.2,9.2,9.9,0.322,0.184,3.1,42.636204,25.353981,442.0,10800,Europe/Sofia,GMT+3
data\Tomato_Plant_Stages_Dataset\Stage1_Early_Vegetative\1709272861673.jpg,Stage1_Early_Vegetative,2025-04-02,8.5,97,0.2,9.2,9.9,0.322,0.184,3.1,42.636204,25.353981,442.0,10800,Europe/Sofia,GMT+3
data\Tomato_Plant_Stages_Dataset\Stage1_Early_Vegetative\1709272861680.jpg,Stage1_Early_Vegetative,2025-04-02,8.5,97,0.2,9.2,9.9,0.322,0.184,3.1,42.636204,25.353981,442.0,10800,Europe/Sofia,GMT+3
data\Tomato_Plant_Stages_Dataset\Stage1_Early_Vegetative\1709272861689.jpg,Stage1_Early_Vegetative,2025-04-02,8.5,97,0.2,9.2,9.9,0.322,0.184,3.1,42.636204,25.353981,442.0,10800,Europe/Sofia,GMT+3
data\Tomato_Plant_Stages_Dataset\Stage1_Early_Vegetative\1709272861699.jpg,Stage1_Early_Vegetative,2025-04-02,8.5,97,0.2,9.2,9.9,0.322,0.184,3.1,42.636204,25.353981,442.0,10800,Europe/Sofia,GMT+3
data\Tomato_Plant_Stages_Dataset\Stage1_Early_Vegetative\1709272861708.jpg,Stage1_Early_Vegetative,2025-04-03,7.5,91,0.0,8.6,9.6,0.335,0.231,3.4,42.636204,25.353981,442.0,10800,Europe/Sofia,GMT+3
data\Tomato_Plant_Stages_Dataset\Stage1_Early_Vegetative\1709272861716.jpg,Stage1_Early_Vegetative,2025-04-03,7.5,91,0.0,8.6,9.6,0.335,0.231,3.4,42.636204,25.353981,442.0,10800,Europe/Sofia,GMT+3
data\Tomato_Plant_Stages_Dataset\Stage1_Early_Vegetative\1709272861726.jpg,Stage1_Early_Vegetative,2025-04-03,7.5,91,0.0,8.6,9.6,0.335,0.231,3.4,42.636204,25.353981,442.0,10800,Europe/Sofia,GMT+3
data\Tomato_Plant_Stages_Dataset\Stage1_Early_Vegetative\1709272861735.jpg,Stage1_Early_Vegetative,2025-04-03,7.5,91,0.0,8.6,9.6,0.335,0.231,3.4,42.636204,25.353981,442.0,10800,Europe/Sofia,GMT+3
data\Tomato_Plant_Stages_Dataset\Stage1_Early_Vegetative\1709272861744.jpg,Stage1_Early_Vegetative,2025-04-03,7.5,91,0.0,8.6,9.6,0.335,0.231,3.4,42.636204,25.353981,442.0,10800,Europe/Sofia,GMT+3
data\Tomato_Plant_Stages_Dataset\Stage1_Early_Vegetative\1709272861754.jpg,Stage1_Early_Vegetative,2025-04-04,6.5,91,0.0,9.0,10.5,0.308,0.238,3.7,42.636204,25.353981,442.0,10800,Europe/Sofia,GMT+3
data\Tomato_Plant_Stages_Dataset\Stage1_Early_Vegetative\1709272861762.jpg,Stage1_Early_Vegetative,2025-04-04,6.5,91,0.0,9.0,10.5,0.308,0.238,3.7,42.636204,25.353981,442.0,10800,Europe/Sofia,GMT+3
data\Tomato_Plant_Stages_Dataset\Stage1_Early_Vegetative\1709272861772.jpg,Stage1_Early_Vegetative,2025-04-04,6.5,91,0.0,9.0,10.5,0.308,0.238,3.7,42.636204,25.353981,442.0,10800,Europe/Sofia,GMT+3
data\Tomato_Plant_Stages_Dataset\Stage1_Early_Vegetative\1709272861782.jpg,Stage1_Early_Vegetative,2025-04-04,6.5,91,0.0,9.0,10.5,0.308,0.238,3.7,42.636204,25.353981,442.0,10800,Europe/Sofia,GMT+3
data\Tomato_Plant_Stages_Dataset\Stage1_Early_Vegetative\1709272861790.jpg,Stage1_Early_Vegetative,2025-04-04,6.5,91,0.0,9.0,10.5,0.308,0.238,3.7,42.636204,25.353981,442.0,10800,Europe/Sofia,GMT+3
data\Tomato_Plant_Stages_Dataset\Stage1_Early_Vegetative\1709272861797.jpg,Stage1_Early_Vegetative,2025-04-04,6.5,91,0.0,9.0,10.5,0.308,0.238,3.7,42.636204,25.353981,442.0,10800,Europe/Sofia,GMT+3
data\Tomato_Plant_Stages_Dataset\Stage1_Early_Vegetative\1709272861807.jpg,Stage1_Early_Vegetative,2025-04-05,6.5,96,0.0,9.0,10.5,0.293,0.244,4.4,42.636204,25.353981,442.0,10800,Europe/Sofia,GMT+3
data\Tomato_Plant_Stages_Dataset\Stage1_Early_Vegetative\1709272861816.jpg,Stage1_Early_Vegetative,2025-04-05,6.5,96,0.0,9.0,10.5,0.293,0.244,4.4,42.636204,25.353981,442.0,10800,Europe/Sofia,GMT+3
data\Tomato_Plant_Stages_Dataset\Stage1_Early_Vegetative\1709272861826.jpg,Stage1_Early_Vegetative,2025-04-05,6.5,96,0.0,9.0,10.5,0.293,0.244,4.4,42.636204,25.353981,442.0,10800,Europe/Sofia,GMT+3
data\Tomato_Plant_Stages_Dataset\Stage1_Early_Vegetative\1709272861834.jpg,Stage1_Early_Vegetative,2025-04-05,6.5,96,0.0,9.0,10.5,0.293,0.244,4.4,42.636204,25.353981,442.0,10800,Europe/Sofia,GMT+3
data\Tomato_Plant_Stages_Dataset\Stage1_Early_Vegetative\1709272861844.jpg,Stage1_Early_Vegetative,2025-04-05,6.5,96,0.0,9.0,10.5,0.293,0.244,4.4,42.636204,25.353981,442.0,10800,Europe/Sofia,GMT+3
data\Tomato_Plant_Stages_Dataset\Stage1_Early_Vegetative\1709272861853.jpg,Stage1_Early_Vegetative,2025-04-06,6.4,85,0.0,8.1,10.5,0.29,0.24,2.4,42.636204,25.353981,442.0,10800,Europe/Sofia,GMT+3
data\Tomato_Plant_Stages_Dataset\Stage1_Early_Vegetative\1709272861863.jpg,Stage1_Early_Vegetative,2025-04-06,6.4,85,0.0,8.1,10.5,0.29,0.24,2.4,42.636204,25.353981,442.0,10800,Europe/Sofia,GMT+3
data\Tomato_Plant_Stages_Dataset\Stage1_Early_Vegetative\1709272861872.jpg,Stage1_Early_Vegetative,2025-04-06,6.4,85,0.0,8.1,10.5,0.29,0.24,2.4,42.636204,25.353981,442.0,10800,Europe/Sofia,GMT+3
data\Tomato_Plant_Stages_Dataset\Stage1_Early_Vegetative\1709272861882.jpg,Stage1_Early_Vegetative,2025-04-06,6.4,85,0.0,8.1,10.5,0.29,0.24,2.4,42.636204,25.353981,442.0,10800,Europe/Sofia,GMT+3
data\Tomato_Plant_Stages_Dataset\Stage1_Early_Vegetative\photo_2024-02-05_22-26-38 (2).jpg,Stage1_Early_Vegetative,2025-04-06,6.4,85,0.0,8.1,10.5,0.29,0.24,2.4,42.636204,25.353981,442.0,10800,Europe/Sofia,GMT+3
data\Tomato_Plant_Stages_Dataset\Stage1_Early_Vegetative\photo_2024-02-05_22-26-38 (3).jpg,Stage1_Early_Vegetative,2025-04-06,6.4,85,0.0,8.1,10.5,0.29,0.24,2.4,42.636204,25.353981,442.0,10800,Europe/Sofia,GMT+3
data\Tomato_Plant_Stages_Dataset\Stage1_Early_Vegetative\photo_2024-02-05_22-26-38 (4).jpg,Stage1_Early_Vegetative,2025-04-07,1.8,70,0.2,4.8,7.8,0.277,0.24,3.9,42.636204,25.353981,442.0,10800,Europe/Sofia,GMT+3
data\Tomato_Plant_Stages_Dataset\Stage1_Early_Vegetative\photo_2024-02-05_22-26-38 (5).jpg,Stage1_Early_Vegetative,2025-04-07,1.8,70,0.2,4.8,7.8,0.277,0.24,3.9,42.636204,25.353981,442.0,10800,Europe/Sofia,GMT+3
data\Tomato_Plant_Stages_Dataset\Stage1_Early_Vegetative\photo_2024-02-05_22-26-38 (6).jpg,Stage1_Early_Vegetative,2025-04-07,1.8,70,0.2,4.8,7.8,0.277,0.24,3.9,42.636204,25.353981,442.0,10800,Europe/Sofia,GMT+3
data\Tomato_Plant_Stages_Dataset\Stage1_Early_Vegetative\photo_2024-02-05_22-26-38.jpg,Stage1_Early_Vegetative,2025-04-07,1.8,70,0.2,4.8,7.8,0.277,0.24,3.9,42.636204,25.353981,442.0,10800,Europe/Sofia,GMT+3
data\Tomato_Plant_Stages_Dataset\Stage1_Early_Vegetative\photo_2024-02-05_22-26-39 (2).jpg,Stage1_Early_Vegetative,2025-04-07,1.8,70,0.2,4.8,7.8,0.277,0.24,3.9,42.636204,25.353981,442.0,10800,Europe/Sofia,GMT+3
data\Tomato_Plant_Stages_Dataset\Stage1_Early_Vegetative\photo_2024-02-05_22-26-39 (3).jpg,Stage1_Early_Vegetative,2025-04-07,1.8,70,0.2,4.8,7.8,0.277,0.24,3.9,42.636204,25.353981,442.0,10800,Europe/Sofia,GMT+3
data\Tomato_Plant_Stages_Dataset\Stage1_Early_Vegetative\photo_2024-02-05_22-26-39.jpg,Stage1_Early_Vegetative,2025-04-08,-3.2,92,0.0,1.3,5.4,0.348,0.281,2.7,42.636204,25.353981,442.0,10800,Europe/Sofia,GMT+3
data\Tomato_Plant_Stages_Dataset\Stage1_Early_Vegetative\photo_2024-02-05_22-26-40 (2).jpg,Stage1_Early_Vegetative,2025-04-08,-3.2,92,0.0,1.3,5.4,0.348,0.281,2.7,42.636204,25.353981,442.0,10800,Europe/Sofia,GMT+3
data\Tomato_Plant_Stages_Dataset\Stage1_Early_Vegetative\photo_2024-02-05_22-26-40 (3).jpg,Stage1_Early_Vegetative,2025-04-08,-3.2,92,0.0,1.3,5.4,0.348,0.281,2.7,42.636204,25.353981,442.0,10800,Europe/Sofia,GMT+3
data\Tomato_Plant_Stages_Dataset\Stage1_Early_Vegetative\photo_2024-02-05_22-26-40 (4).jpg,Stage1_Early_Vegetative,2025-04-08,-3.2,92,0.0,1.3,5.4,0.348,0.281,2.7,42.636204,25.353981,442.0,10800,Europe/Sofia,GMT+3
data\Tomato_Plant_Stages_Dataset\Stage1_Early_Vegetative\photo_2024-02-05_22-26-40 (5).jpg,Stage1_Early_Vegetative,2025-04-08,-3.2,92,0.0,1.3,5.4,0.348,0.281,2.7,42.636204,25.353981,442.0,10800,Europe/Sofia,GMT+3
data\Tomato_Plant_Stages_Dataset\Stage1_Early_Vegetative\photo_2024-02-05_22-26-40.jpg,Stage1_Early_Vegetative,2025-04-09,-1.9,87,0.0,2.4,5.3,0.318,0.279,5.0,42.636204,25.353981,442.0,10800,Europe/Sofia,GMT+3
data\Tomato_Plant_Stages_Dataset\Stage1_Early_Vegetative\photo_2024-02-05_22-26-41 (2).jpg,Stage1_Early_Vegetative,2025-04-09,-1.9,87,0.0,2.4,5.3,0.318,0.279,5.0,42.636204,25.353981,442.0,10800,Europe/Sofia,GMT+3
data\Tomato_Plant_Stages_Dataset\Stage1_Early_Vegetative\photo_2024-02-05_22-26-41 (3).jpg,Stage1_Early_Vegetative,2025-04-09,-1.9,87,0.0,2.4,5.3,0.318,0.279,5.0,42.636204,25.353981,442.0,10800,Europe/Sofia,GMT+3
data\Tomato_Plant_Stages_Dataset\Stage1_Early_Vegetative\photo_2024-02-05_22-26-41 (4).jpg,Stage1_Early_Vegetative,2025-04-09,-1.9,87,0.0,2.4,5.3,0.318,0.279,5.0,42.636204,25.353981,442.0,10800,Europe/Sofia,GMT+3
data\Tomato_Plant_Stages_Dataset\Stage1_Early_Vegetative\photo_2024-02-05_22-26-41 (5).jpg,Stage1_Early_Vegetative,2025-04-09,-1.9,87,0.0,2.4,5.3,0.318,0.279,5.0,42.636204,25.353981,442.0,10800,Europe/Sofia,GMT+3
data\Tomato_Plant_Stages_Dataset\Stage1_Early_Vegetative\photo_2024-02-05_22-26-41.jpg,Stage1_Early_Vegetative,2025-04-09,-1.9,87,0.0,2.4,5.3,0.318,0.279,5.0,42.636204,25.353981,442.0,10800,Europe/Sofia,GMT+3
data\Tomato_Plant_Stages_Dataset\Stage1_Early_Vegetative\photo_2024-02-05_22-26-42 (2).jpg,Stage1_Early_Vegetative,2025-04-10,1.4,81,0.0,1.8,3.5,0.305,0.276,3.8,42.636204,25.353981,442.0,10800,Europe/Sofia,GMT+3
data\Tomato_Plant_Stages_Dataset\Stage1_Early_Vegetative\photo_2024-02-05_22-26-42 (3).jpg,Stage1_Early_Vegetative,2025-04-10,1.4,81,0.0,1.8,3.5,0.305,0.276,3.8,42.636204,25.353981,442.0,10800,Europe/Sofia,GMT+3
data\Tomato_Plant_Stages_Dataset\Stage1_Early_Vegetative\photo_2024-02-05_22-26-42 (4).jpg,Stage1_Early_Vegetative,2025-04-10,1.4,81,0.0,1.8,3.5,0.305,0.276,3.8,42.636204,25.353981,442.0,10800,Europe/Sofia,GMT+3
data\Tomato_Plant_Stages_Dataset\Stage1_Early_Vegetative\photo_2024-02-05_22-26-42 (5).jpg,Stage1_Early_Vegetative,2025-04-10,1.4,81,0.0,1.8,3.5,0.305,0.276,3.8,42.636204,25.353981,442.0,10800,Europe/Sofia,GMT+3
data\Tomato_Plant_Stages_Dataset\Stage1_Early_Vegetative\photo_2024-02-05_22-26-42 (6).jpg,Stage1_Early_Vegetative,2025-04-10,1.4,81,0.0,1.8,3.5,0.305,0.276,3.8,42.636204,25.353981,442.0,10800,Europe/Sofia,GMT+3
data\Tomato_Plant_Stages_Dataset\Stage1_Early_Vegetative\photo_2024-02-05_22-26-42 (7).jpg,Stage1_Early_Vegetative,2025-04-11,0.7,78,0.0,2.2,3.4,0.29,0.273,9.2,42.636204,25.353981,442.0,10800,Europe/Sofia,GMT+3
data\Tomato_Plant_Stages_Dataset\Stage1_Early_Vegetative\photo_2024-02-05_22-26-42 (8).jpg,Stage1_Early_Vegetative,2025-04-11,0.7,78,0.0,2.2,3.4,0.29,0.273,9.2,42.636204,25.353981,442.0,10800,Europe/Sofia,GMT+3
data\Tomato_Plant_Stages_Dataset\Stage1_Early_Vegetative\photo_2024-02-05_22-26-42.jpg,Stage1_Early_Vegetative,2025-04-11,0.7,78,0.0,2.2,3.4,0.29,0.273,9.2,42.636204,25.353981,442.0,10800,Europe/Sofia,GMT+3
data\Tomato_Plant_Stages_Dataset\Stage1_Early_Vegetative\photo_2024-02-05_22-26-43 (2).jpg,Stage1_Early_Vegetative,2025-04-11,0.7,78,0.0,2.2,3.4,0.29,0.273,9.2,42.636204,25.353981,442.0,10800,Europe/Sofia,GMT+3
data\Tomato_Plant_Stages_Dataset\Stage1_Early_Vegetative\photo_2024-02-05_22-26-43 (3).jpg,Stage1_Early_Vegetative,2025-04-11,0.7,78,0.0,2.2,3.4,0.29,0.273,9.2,42.636204,25.353981,442.0,10800,Europe/Sofia,GMT+3
data\Tomato_Plant_Stages_Dataset\Stage1_Early_Vegetative\photo_2024-02-05_22-26-43 (4).jpg,Stage1_Early_Vegetative,2025-04-11,0.7,78,0.0,2.2,3.4,0.29,0.273,9.2,42.636204,25.353981,442.0,10800,Europe/Sofia,GMT+3
data\Tomato_Plant_Stages_Dataset\Stage1_Early_Vegetative\photo_2024-02-05_22-26-43 (5).jpg,Stage1_Early_Vegetative,2025-04-12,4.7,92,0.4,4.8,5.6,0.288,0.273,1.8,42.636204,25.353981,442.0,10800,Europe/Sofia,GMT+3
data\Tomato_Plant_Stages_Dataset\Stage1_Early_Vegetative\photo_2024-02-05_22-26-43.jpg,Stage1_Early_Vegetative,2025-04-12,4.7,92,0.4,4.8,5.6,0.288,0.273,1.8,42.636204,25.353981,442.0,10800,Europe/Sofia,GMT+3
data\Tomato_Plant_Stages_Dataset\Stage1_Early_Vegetative\photo_2024-02-05_22-26-44 (2).jpg,Stage1_Early_Vegetative,2025-04-12,4.7,92,0.4,4.8,5.6,0.288,0.273,1.8,42.636204,25.353981,442.0,10800,Europe/Sofia,GMT+3
data\Tomato_Plant_Stages_Dataset\Stage1_Early_Vegetative\photo_2024-02-05_22-26-44 (3).jpg,Stage1_Early_Vegetative,2025-04-12,4.7,92,0.4,4.8,5.6,0.288,0.273,1.8,42.636204,25.353981,442.0,10800,Europe/Sofia,GMT+3
data\Tomato_Plant_Stages_Dataset\Stage1_Early_Vegetative\photo_2024-02-05_22-26-44 (4).jpg,Stage1_Early_Vegetative,2025-04-12,4.7,92,0.4,4.8,5.6,0.288,0.273,1.8,42.636204,25.353981,442.0,10800,Europe/Sofia,GMT+3
data\Tomato_Plant_Stages_Dataset\Stage1_Early_Vegetative\photo_2024-02-05_22-26-44 (5).jpg,Stage1_Early_Vegetative,2025-04-13,2.4,92,0.0,5.0,6.9,0.352,0.311,1.6,42.636204,25.353981,442.0,10800,Europe/Sofia,GMT+3
data\Tomato_Plant_Stages_Dataset\Stage1_Early_Vegetative\photo_2024-02-05_22-26-44 (6).jpg,Stage1_Early_Vegetative,2025-04-13,2.4,92,0.0,5.0,6.9,0.352,0.311,1.6,42.636204,25.353981,442.0,10800,Europe/Sofia,GMT+3
data\Tomato_Plant_Stages_Dataset\Stage1_Early_Vegetative\photo_2024-02-05_22-26-44 (7).jpg,Stage1_Early_Vegetative,2025-04-13,2.4,92,0.0,5.0,6.9,0.352,0.311,1.6,42.636204,25.353981,442.0,10800,Europe/Sofia,GMT+3
data\Tomato_Plant_Stages_Dataset\Stage1_Early_Vegetative\photo_2024-02-05_22-26-44.jpg,Stage1_Early_Vegetative,2025-04-13,2.4,92,0.0,5.0,6.9,0.352,0.311,1.6,42.636204,25.353981,442.0,10800,Europe/Sofia,GMT+3
data\Tomato_Plant_Stages_Dataset\Stage1_Early_Vegetative\photo_2024-02-05_22-26-45 (2).jpg,Stage1_Early_Vegetative,2025-04-13,2.4,92,0.0,5.0,6.9,0.352,0.311,1.6,42.636204,25.353981,442.0,10800,Europe/Sofia,GMT+3
data\Tomato_Plant_Stages_Dataset\Stage1_Early_Vegetative\photo_2024-02-05_22-26-45 (3).jpg,Stage1_Early_Vegetative,2025-04-13,2.4,92,0.0,5.0,6.9,0.352,0.311,1.6,42.636204,25.353981,442.0,10800,Europe/Sofia,GMT+3
data\Tomato_Plant_Stages_Dataset\Stage1_Early_Vegetative\photo_2024-02-05_22-26-45 (4).jpg,Stage1_Early_Vegetative,2025-04-14,6.5,82,0.0,7.1,8.8,0.315,0.309,2.7,42.636204,25.353981,442.0,10800,Europe/Sofia,GMT+3
data\Tomato_Plant_Stages_Dataset\Stage1_Early_Vegetative\photo_2024-02-05_22-26-45 (5).jpg,Stage1_Early_Vegetative,2025-04-14,6.5,82,0.0,7.1,8.8,0.315,0.309,2.7,42.636204,25.353981,442.0,10800,Europe/Sofia,GMT+3
data\Tomato_Plant_Stages_Dataset\Stage1_Early_Vegetative\photo_2024-02-05_22-26-45.jpg,Stage1_Early_Vegetative,2025-04-14,6.5,82,0.0,7.1,8.8,0.315,0.309,2.7,42.636204,25.353981,442.0,10800,Europe/Sofia,GMT+3
data\Tomato_Plant_Stages_Dataset\Stage1_Early_Vegetative\photo_2024-02-05_22-26-48.jpg,Stage1_Early_Vegetative,2025-04-14,6.5,82,0.0,7.1,8.8,0.315,0.309,2.7,42.636204,25.353981,442.0,10800,Europe/Sofia,GMT+3
data\Tomato_Plant_Stages_Dataset\Stage1_Early_Vegetative\photo_2024-02-15_16-23-22.jpg,Stage1_Early_Vegetative,2025-04-14,6.5,82,0.0,7.1,8.8,0.315,0.309,2.7,42.636204,25.353981,442.0,10800,Europe/Sofia,GMT+3
data\Tomato_Plant_Stages_Dataset\Stage1_Early_Vegetative\photo_2024-02-15_16-23-23 (2).jpg,Stage1_Early_Vegetative,2025-04-14,6.5,82,0.0,7.1,8.8,0.315,0.309,2.7,42.636204,25.353981,442.0,10800,Europe/Sofia,GMT+3
data\Tomato_Plant_Stages_Dataset\Stage1_Early_Vegetative\photo_2024-02-15_16-23-23 (3).jpg,Stage1_Early_Vegetative,2025-04-15,8.8,87,0.0,8.4,8.5,0.327,0.328,0.9,42.636204,25.353981,442.0,10800,Europe/Sofia,GMT+3
data\Tomato_Plant_Stages_Dataset\Stage1_Early_Vegetative\photo_2024-02-15_16-23-23.jpg,Stage1_Early_Vegetative,2025-04-15,8.8,87,0.0,8.4,8.5,0.327,0.328,0.9,42.636204,25.353981,442.0,10800,Europe/Sofia,GMT+3
data\Tomato_Plant_Stages_Dataset\Stage1_Early_Vegetative\photo_2024-02-15_16-23-24 (2).jpg,Stage1_Early_Vegetative,2025-04-15,8.8,87,0.0,8.4,8.5,0.327,0.328,0.9,42.636204,25.353981,442.0,10800,Europe/Sofia,GMT+3
data\Tomato_Plant_Stages_Dataset\Stage1_Early_Vegetative\photo_2024-02-15_16-23-24.jpg,Stage1_Early_Vegetative,2025-04-15,8.8,87,0.0,8.4,8.5,0.327,0.328,0.9,42.636204,25.353981,442.0,10800,Europe/Sofia,GMT+3
data\Tomato_Plant_Stages_Dataset\Stage1_Early_Vegetative\photo_2024-02-15_16-23-25 (2).jpg,Stage1_Early_Vegetative,2025-04-15,8.8,87,0.0,8.4,8.5,0.327,0.328,0.9,42.636204,25.353981,442.0,10800,Europe/Sofia,GMT+3
data\Tomato_Plant_Stages_Dataset\Stage1_Early_Vegetative\photo_2024-02-15_16-23-25 (3).jpg,Stage1_Early_Vegetative,2025-04-16,5.5,96,0.0,6.3,8.1,0.353,0.328,0.8,42.636204,25.353981,442.0,10800,Europe/Sofia,GMT+3
data\Tomato_Plant_Stages_Dataset\Stage1_Early_Vegetative\photo_2024-02-15_16-23-25.jpg,Stage1_Early_Vegetative,2025-04-16,5.5,96,0.0,6.3,8.1,0.353,0.328,0.8,42.636204,25.353981,442.0,10800,Europe/Sofia,GMT+3
data\Tomato_Plant_Stages_Dataset\Stage1_Early_Vegetative\photo_2024-02-15_16-23-26.jpg,Stage1_Early_Vegetative,2025-04-16,5.5,96,0.0,6.3,8.1,0.353,0.328,0.8,42.636204,25.353981,442.0,10800,Europe/Sofia,GMT+3
data\Tomato_Plant_Stages_Dataset\Stage1_Early_Vegetative\photo_2024-02-15_16-23-28 (2).jpg,Stage1_Early_Vegetative,2025-04-16,5.5,96,0.0,6.3,8.1,0.353,0.328,0.8,42.636204,25.353981,442.0,10800,Europe/Sofia,GMT+3
data\Tomato_Plant_Stages_Dataset\Stage1_Early_Vegetative\photo_2024-02-15_16-23-28.jpg,Stage1_Early_Vegetative,2025-04-16,5.5,96,0.0,6.3,8.1,0.353,0.328,0.8,42.636204,25.353981,442.0,10800,Europe/Sofia,GMT+3
data\Tomato_Plant_Stages_Dataset\Stage1_Early_Vegetative\photo_2024-02-15_16-23-29 (2).jpg,Stage1_Early_Vegetative,2025-04-16,5.5,96,0.0,6.3,8.1,0.353,0.328,0.8,42.636204,25.353981,442.0,10800,Europe/Sofia,GMT+3
data\Tomato_Plant_Stages_Dataset\Stage1_Early_Vegetative\photo_2024-02-15_16-23-29.jpg,Stage1_Early_Vegetative,2025-04-17,10.2,88,0.0,10.0,10.8,0.303,0.312,0.6,42.636204,25.353981,442.0,10800,Europe/Sofia,GMT+3
data\Tomato_Plant_Stages_Dataset\Stage1_Early_Vegetative\photo_2024-02-15_16-23-30 (3).jpg,Stage1_Early_Vegetative,2025-04-17,10.2,88,0.0,10.0,10.8,0.303,0.312,0.6,42.636204,25.353981,442.0,10800,Europe/Sofia,GMT+3
data\Tomato_Plant_Stages_Dataset\Stage1_Early_Vegetative\photo_2024-02-15_16-23-30.jpg,Stage1_Early_Vegetative,2025-04-17,10.2,88,0.0,10.0,10.8,0.303,0.312,0.6,42.636204,25.353981,442.0,10800,Europe/Sofia,GMT+3
data\Tomato_Plant_Stages_Dataset\Stage1_Early_Vegetative\photo_2024-02-15_16-23-31 (2).jpg,Stage1_Early_Vegetative,2025-04-17,10.2,88,0.0,10.0,10.8,0.303,0.312,0.6,42.636204,25.353981,442.0,10800,Europe/Sofia,GMT+3
data\Tomato_Plant_Stages_Dataset\Stage1_Early_Vegetative\photo_2024-02-15_16-23-31.jpg,Stage1_Early_Vegetative,2025-04-17,10.2,88,0.0,10.0,10.8,0.303,0.312,0.6,42.636204,25.353981,442.0,10800,Europe/Sofia,GMT+3
data\Tomato_Plant_Stages_Dataset\Stage1_Early_Vegetative\photo_2024-02-15_16-23-32.jpg,Stage1_Early_Vegetative,2025-04-18,10.8,89,0.0,11.6,12.5,0.267,0.303,1.7,42.636204,25.353981,442.0,10800,Europe/Sofia,GMT+3
data\Tomato_Plant_Stages_Dataset\Stage1_Early_Vegetative\photo_2024-02-15_16-23-33 (2).jpg,Stage1_Early_Vegetative,2025-04-18,10.8,89,0.0,11.6,12.5,0.267,0.303,1.7,42.636204,25.353981,442.0,10800,Europe/Sofia,GMT+3
data\Tomato_Plant_Stages_Dataset\Stage1_Early_Vegetative\photo_2024-02-15_16-23-34 (2).jpg,Stage1_Early_Vegetative,2025-04-18,10.8,89,0.0,11.6,12.5,0.267,0.303,1.7,42.636204,25.353981,442.0,10800,Europe/Sofia,GMT+3
data\Tomato_Plant_Stages_Dataset\Stage1_Early_Vegetative\photo_2024-02-15_16-23-34.jpg,Stage1_Early_Vegetative,2025-04-18,10.8,89,0.0,11.6,12.5,0.267,0.303,1.7,42.636204,25.353981,442.0,10800,Europe/Sofia,GMT+3
data\Tomato_Plant_Stages_Dataset\Stage1_Early_Vegetative\photo_2024-02-15_16-47-40.jpg,Stage1_Early_Vegetative,2025-04-18,10.8,89,0.0,11.6,12.5,0.267,0.303,1.7,42.636204,25.353981,442.0,10800,Europe/Sofia,GMT+3
data\Tomato_Plant_Stages_Dataset\Stage1_Early_Vegetative\photo_2024-02-15_16-47-52.jpg,Stage1_Early_Vegetative,2025-04-18,10.8,89,0.0,11.6,12.5,0.267,0.303,1.7,42.636204,25.353981,442.0,10800,Europe/Sofia,GMT+3
data\Tomato_Plant_Stages_Dataset\Stage1_Early_Vegetative\photo_2024-02-15_16-48-27.jpg,Stage1_Early_Vegetative,2025-04-19,11.3,94,0.3,12.7,13.2,0.247,0.277,2.7,42.636204,25.353981,442.0,10800,Europe/Sofia,GMT+3
data\Tomato_Plant_Stages_Dataset\Stage1_Early_Vegetative\photo_2024-02-15_16-48-39.jpg,Stage1_Early_Vegetative,2025-04-19,11.3,94,0.3,12.7,13.2,0.247,0.277,2.7,42.636204,25.353981,442.0,10800,Europe/Sofia,GMT+3
data\Tomato_Plant_Stages_Dataset\Stage1_Early_Vegetative\photo_2024-02-15_16-48-57.jpg,Stage1_Early_Vegetative,2025-04-19,11.3,94,0.3,12.7,13.2,0.247,0.277,2.7,42.636204,25.353981,442.0,10800,Europe/Sofia,GMT+3
data\Tomato_Plant_Stages_Dataset\Stage1_Early_Vegetative\photo_2024-02-15_16-49-09.jpg,Stage1_Early_Vegetative,2025-04-19,11.3,94,0.3,12.7,13.2,0.247,0.277,2.7,42.636204,25.353981,442.0,10800,Europe/Sofia,GMT+3
data\Tomato_Plant_Stages_Dataset\Stage1_Early_Vegetative\photo_2024-02-15_16-49-22.jpg,Stage1_Early_Vegetative,2025-04-19,11.3,94,0.3,12.7,13.2,0.247,0.277,2.7,42.636204,25.353981,442.0,10800,Europe/Sofia,GMT+3
data\Tomato_Plant_Stages_Dataset\Stage1_Early_Vegetative\photo_2024-02-15_16-49-37.jpg,Stage1_Early_Vegetative,2025-04-20,7.8,97,0.0,11.1,12.7,0.247,0.265,3.3,42.636204,25.353981,442.0,10800,Europe/Sofia,GMT+3
data\Tomato_Plant_Stages_Dataset\Stage1_Early_Vegetative\photo_2024-02-15_16-50-06.jpg,Stage1_Early_Vegetative,2025-04-20,7.8,97,0.0,11.1,12.7,0.247,0.265,3.3,42.636204,25.353981,442.0,10800,Europe/Sofia,GMT+3
data\Tomato_Plant_Stages_Dataset\Stage1_Early_Vegetative\photo_2024-02-15_16-50-16.jpg,Stage1_Early_Vegetative,2025-04-20,7.8,97,0.0,11.1,12.7,0.247,0.265,3.3,42.636204,25.353981,442.0,10800,Europe/Sofia,GMT+3
data\Tomato_Plant_Stages_Dataset\Stage1_Early_Vegetative\photo_2024-02-15_16-50-27.jpg,Stage1_Early_Vegetative,2025-04-20,7.8,97,0.0,11.1,12.7,0.247,0.265,3.3,42.636204,25.353981,442.0,10800,Europe/Sofia,GMT+3
data\Tomato_Plant_Stages_Dataset\Stage1_Early_Vegetative\photo_2024-02-15_16-50-35.jpg,Stage1_Early_Vegetative,2025-04-20,7.8,97,0.0,11.1,12.7,0.247,0.265,3.3,42.636204,25.353981,442.0,10800,Europe/Sofia,GMT+3
data\Tomato_Plant_Stages_Dataset\Stage1_Early_Vegetative\photo_2024-02-15_16-50-49.jpg,Stage1_Early_Vegetative,2025-04-20,7.8,97,0.0,11.1,12.7,0.247,0.265,3.3,42.636204,25.353981,442.0,10800,Europe/Sofia,GMT+3
data\Tomato_Plant_Stages_Dataset\Stage1_Early_Vegetative\photo_2024-02-15_16-50-59.jpg,Stage1_Early_Vegetative,2025-04-21,12.0,83,0.0,12.1,13.3,0.239,0.255,2.0,42.636204,25.353981,442.0,10800,Europe/Sofia,GMT+3
data\Tomato_Plant_Stages_Dataset\Stage1_Early_Vegetative\photo_2024-02-15_16-51-09.jpg,Stage1_Early_Vegetative,2025-04-21,12.0,83,0.0,12.1,13.3,0.239,0.255,2.0,42.636204,25.353981,442.0,10800,Europe/Sofia,GMT+3
data\Tomato_Plant_Stages_Dataset\Stage1_Early_Vegetative\photo_2024-02-15_16-51-21.jpg,Stage1_Early_Vegetative,2025-04-21,12.0,83,0.0,12.1,13.3,0.239,0.255,2.0,42.636204,25.353981,442.0,10800,Europe/Sofia,GMT+3
data\Tomato_Plant_Stages_Dataset\Stage1_Early_Vegetative\photo_2024-02-15_16-51-35.jpg,Stage1_Early_Vegetative,2025-04-21,12.0,83,0.0,12.1,13.3,0.239,0.255,2.0,42.636204,25.353981,442.0,10800,Europe/Sofia,GMT+3
data\Tomato_Plant_Stages_Dataset\Stage1_Early_Vegetative\photo_2024-02-15_16-51-57.jpg,Stage1_Early_Vegetative,2025-04-21,12.0,83,0.0,12.1,13.3,0.239,0.255,2.0,42.636204,25.353981,442.0,10800,Europe/Sofia,GMT+3
data\Tomato_Plant_Stages_Dataset\Stage1_Early_Vegetative\photo_2024-02-15_16-52-15.jpg,Stage1_Early_Vegetative,2025-04-22,14.1,78,0.0,13.7,14.3,0.22,0.245,1.0,42.636204,25.353981,442.0,10800,Europe/Sofia,GMT+3
data\Tomato_Plant_Stages_Dataset\Stage1_Early_Vegetative\photo_2024-02-15_16-52-34.jpg,Stage1_Early_Vegetative,2025-04-22,14.1,78,0.0,13.7,14.3,0.22,0.245,1.0,42.636204,25.353981,442.0,10800,Europe/Sofia,GMT+3
data\Tomato_Plant_Stages_Dataset\Stage1_Early_Vegetative\photo_2024-02-15_16-53-04.jpg,Stage1_Early_Vegetative,2025-04-22,14.1,78,0.0,13.7,14.3,0.22,0.245,1.0,42.636204,25.353981,442.0,10800,Europe/Sofia,GMT+3
data\Tomato_Plant_Stages_Dataset\Stage1_Early_Vegetative\photo_2024-02-15_16-53-21.jpg,Stage1_Early_Vegetative,2025-04-22,14.1,78,0.0,13.7,14.3,0.22,0.245,1.0,42.636204,25.353981,442.0,10800,Europe/Sofia,GMT+3
data\Tomato_Plant_Stages_Dataset\Stage1_Early_Vegetative\photo_2024-02-15_16-53-39.jpg,Stage1_Early_Vegetative,2025-04-22,14.1,78,0.0,13.7,14.3,0.22,0.245,1.0,42.636204,25.353981,442.0,10800,Europe/Sofia,GMT+3
data\Tomato_Plant_Stages_Dataset\Stage1_Early_Vegetative\photo_2024-02-15_16-55-03 (2).jpg,Stage1_Early_Vegetative,2025-04-22,14.1,78,0.0,13.7,14.3,0.22,0.245,1.0,42.636204,25.353981,442.0,10800,Europe/Sofia,GMT+3
data\Tomato_Plant_Stages_Dataset\Stage1_Early_Vegetative\photo_2024-02-15_16-55-03 (3).jpg,Stage1_Early_Vegetative,2025-04-23,11.5,88,0.0,13.1,14.5,0.241,0.25,1.2,42.636204,25.353981,442.0,10800,Europe/Sofia,GMT+3
data\Tomato_Plant_Stages_Dataset\Stage1_Early_Vegetative\photo_2024-02-15_16-55-03.jpg,Stage1_Early_Vegetative,2025-04-23,11.5,88,0.0,13.1,14.5,0.241,0.25,1.2,42.636204,25.353981,442.0,10800,Europe/Sofia,GMT+3
data\Tomato_Plant_Stages_Dataset\Stage1_Early_Vegetative\photo_2024-02-15_16-55-04 (2).jpg,Stage1_Early_Vegetative,2025-04-23,11.5,88,0.0,13.1,14.5,0.241,0.25,1.2,42.636204,25.353981,442.0,10800,Europe/Sofia,GMT+3
data\Tomato_Plant_Stages_Dataset\Stage1_Early_Vegetative\photo_2024-02-15_16-55-04 (3).jpg,Stage1_Early_Vegetative,2025-04-23,11.5,88,0.0,13.1,14.5,0.241,0.25,1.2,42.636204,25.353981,442.0,10800,Europe/Sofia,GMT+3
data\Tomato_Plant_Stages_Dataset\Stage1_Early_Vegetative\photo_2024-02-15_16-55-04 (4).jpg,Stage1_Early_Vegetative,2025-04-23,11.5,88,0.0,13.1,14.5,0.241,0.25,1.2,42.636204,25.353981,442.0,10800,Europe/Sofia,GMT+3
data\Tomato_Plant_Stages_Dataset\Stage1_Early_Vegetative\photo_2024-02-15_16-55-04 (5).jpg,Stage1_Early_Vegetative,2025-04-23,11.5,88,0.0,13.1,14.5,0.241,0.25,1.2,42.636204,25.353981,442.0,10800,Europe/Sofia,GMT+3
data\Tomato_Plant_Stages_Dataset\Stage1_Early_Vegetative\photo_2024-02-15_16-55-04 (6).jpg,Stage1_Early_Vegetative,2025-04-24,11.2,90,0.0,12.2,14.0,0.281,0.242,0.4,42.636204,25.353981,442.0,10800,Europe/Sofia,GMT+3
data\Tomato_Plant_Stages_Dataset\Stage1_Early_Vegetative\photo_2024-02-15_16-55-04.jpg,Stage1_Early_Vegetative,2025-04-24,11.2,90,0.0,12.2,14.0,0.281,0.242,0.4,42.636204,25.353981,442.0,10800,Europe/Sofia,GMT+3
data\Tomato_Plant_Stages_Dataset\Stage1_Early_Vegetative\photo_2024-02-15_16-55-05 (2).jpg,Stage1_Early_Vegetative,2025-04-24,11.2,90,0.0,12.2,14.0,0.281,0.242,0.4,42.636204,25.353981,442.0,10800,Europe/Sofia,GMT+3
data\Tomato_Plant_Stages_Dataset\Stage1_Early_Vegetative\photo_2024-02-15_16-55-05 (3).jpg,Stage1_Early_Vegetative,2025-04-24,11.2,90,0.0,12.2,14.0,0.281,0.242,0.4,42.636204,25.353981,442.0,10800,Europe/Sofia,GMT+3
data\Tomato_Plant_Stages_Dataset\Stage1_Early_Vegetative\photo_2024-02-15_16-55-05 (4).jpg,Stage1_Early_Vegetative,2025-04-24,11.2,90,0.0,12.2,14.0,0.281,0.242,0.4,42.636204,25.353981,442.0,10800,Europe/Sofia,GMT+3
data\Tomato_Plant_Stages_Dataset\Stage1_Early_Vegetative\photo_2024-02-15_16-55-05 (5).jpg,Stage1_Early_Vegetative,2025-04-25,11.6,81,0.0,12.9,14.4,0.235,0.224,0.5,42.636204,25.353981,442.0,10800,Europe/Sofia,GMT+3
data\Tomato_Plant_Stages_Dataset\Stage1_Early_Vegetative\photo_2024-02-15_16-55-05 (6).jpg,Stage1_Early_Vegetative,2025-04-25,11.6,81,0.0,12.9,14.4,0.235,0.224,0.5,42.636204,25.353981,442.0,10800,Europe/Sofia,GMT+3
data\Tomato_Plant_Stages_Dataset\Stage1_Early_Vegetative\photo_2024-02-15_16-55-05.jpg,Stage1_Early_Vegetative,2025-04-25,11.6,81,0.0,12.9,14.4,0.235,0.224,0.5,42.636204,25.353981,442.0,10800,Europe/Sofia,GMT+3
data\Tomato_Plant_Stages_Dataset\Stage1_Early_Vegetative\photo_2024-02-15_16-55-06 (2).jpg,Stage1_Early_Vegetative,2025-04-25,11.6,81,0.0,12.9,14.4,0.235,0.224,0.5,42.636204,25.353981,442.0,10800,Europe/Sofia,GMT+3
data\Tomato_Plant_Stages_Dataset\Stage1_Early_Vegetative\photo_2024-02-15_16-55-06 (3).jpg,Stage1_Early_Vegetative,2025-04-25,11.6,81,0.0,12.9,14.4,0.235,0.224,0.5,42.636204,25.353981,442.0,10800,Europe/Sofia,GMT+3
data\Tomato_Plant_Stages_Dataset\Stage1_Early_Vegetative\photo_2024-02-15_16-55-06 (4).jpg,Stage1_Early_Vegetative,2025-04-25,11.6,81,0.0,12.9,14.4,0.235,0.224,0.5,42.636204,25.353981,442.0,10800,Europe/Sofia,GMT+3
data\Tomato_Plant_Stages_Dataset\Stage1_Early_Vegetative\photo_2024-02-15_16-55-06 (5).jpg,Stage1_Early_Vegetative,2025-04-26,11.0,82,0.0,12.5,14.3,0.249,0.222,3.5,42.636204,25.353981,442.0,10800,Europe/Sofia,GMT+3
data\Tomato_Plant_Stages_Dataset\Stage1_Early_Vegetative\photo_2024-02-15_16-55-06.jpg,Stage1_Early_Vegetative,2025-04-26,11.0,82,0.0,12.5,14.3,0.249,0.222,3.5,42.636204,25.353981,442.0,10800,Europe/Sofia,GMT+3
data\Tomato_Plant_Stages_Dataset\Stage1_Early_Vegetative\photo_2024-02-15_16-55-14 (10).jpg,Stage1_Early_Vegetative,2025-04-26,11.0,82,0.0,12.5,14.3,0.249,0.222,3.5,42.636204,25.353981,442.0,10800,Europe/Sofia,GMT+3
data\Tomato_Plant_Stages_Dataset\Stage1_Early_Vegetative\photo_2024-02-15_16-55-14 (11).jpg,Stage1_Early_Vegetative,2025-04-26,11.0,82,0.0,12.5,14.3,0.249,0.222,3.5,42.636204,25.353981,442.0,10800,Europe/Sofia,GMT+3
data\Tomato_Plant_Stages_Dataset\Stage1_Early_Vegetative\photo_2024-02-15_16-55-14 (12).jpg,Stage1_Early_Vegetative,2025-04-26,11.0,82,0.0,12.5,14.3,0.249,0.222,3.5,42.636204,25.353981,442.0,10800,Europe/Sofia,GMT+3
data\Tomato_Plant_Stages_Dataset\Stage1_Early_Vegetative\photo_2024-02-15_16-55-14 (13).jpg,Stage1_Early_Vegetative,2025-04-27,10.2,97,0.0,12.7,14.2,0.245,0.222,4.3,42.636204,25.353981,442.0,10800,Europe/Sofia,GMT+3
data\Tomato_Plant_Stages_Dataset\Stage1_Early_Vegetative\photo_2024-02-15_16-55-14 (14).jpg,Stage1_Early_Vegetative,2025-04-27,10.2,97,0.0,12.7,14.2,0.245,0.222,4.3,42.636204,25.353981,442.0,10800,Europe/Sofia,GMT+3
data\Tomato_Plant_Stages_Dataset\Stage1_Early_Vegetative\photo_2024-02-15_16-55-14 (15).jpg,Stage1_Early_Vegetative,2025-04-27,10.2,97,0.0,12.7,14.2,0.245,0.222,4.3,42.636204,25.353981,442.0,10800,Europe/Sofia,GMT+3
data\Tomato_Plant_Stages_Dataset\Stage1_Early_Vegetative\photo_2024-02-15_16-55-14 (16).jpg,Stage1_Early_Vegetative,2025-04-27,10.2,97,0.0,12.7,14.2,0.245,0.222,4.3,42.636204,25.353981,442.0,10800,Europe/Sofia,GMT+3
data\Tomato_Plant_Stages_Dataset\Stage1_Early_Vegetative\photo_2024-02-15_16-55-14 (17).jpg,Stage1_Early_Vegetative,2025-04-27,10.2,97,0.0,12.7,14.2,0.245,0.222,4.3,42.636204,25.353981,442.0,10800,Europe/Sofia,GMT+3
data\Tomato_Plant_Stages_Dataset\Stage1_Early_Vegetative\photo_2024-02-15_16-55-14 (18).jpg,Stage1_Early_Vegetative,2025-04-27,10.2,97,0.0,12.7,14.2,0.245,0.222,4.3,42.636204,25.353981,442.0,10800,Europe/Sofia,GMT+3
data\Tomato_Plant_Stages_Dataset\Stage1_Early_Vegetative\photo_2024-02-15_16-55-14 (19).jpg,Stage1_Early_Vegetative,2025-04-28,8.7,92,0.1,10.7,12.5,0.361,0.255,11.0,42.636204,25.353981,442.0,10800,Europe/Sofia,GMT+3
data\Tomato_Plant_Stages_Dataset\Stage1_Early_Vegetative\photo_2024-02-15_16-55-14 (2).jpg,Stage1_Early_Vegetative,2025-04-28,8.7,92,0.1,10.7,12.5,0.361,0.255,11.0,42.636204,25.353981,442.0,10800,Europe/Sofia,GMT+3
data\Tomato_Plant_Stages_Dataset\Stage1_Early_Vegetative\photo_2024-02-15_16-55-14 (20).jpg,Stage1_Early_Vegetative,2025-04-28,8.7,92,0.1,10.7,12.5,0.361,0.255,11.0,42.636204,25.353981,442.0,10800,Europe/Sofia,GMT+3
data\Tomato_Plant_Stages_Dataset\Stage1_Early_Vegetative\photo_2024-02-15_16-55-14 (21).jpg,Stage1_Early_Vegetative,2025-04-28,8.7,92,0.1,10.7,12.5,0.361,0.255,11.0,42.636204,25.353981,442.0,10800,Europe/Sofia,GMT+3
data\Tomato_Plant_Stages_Dataset\Stage1_Early_Vegetative\photo_2024-02-15_16-55-14 (22).jpg,Stage1_Early_Vegetative,2025-04-28,8.7,92,0.1,10.7,12.5,0.361,0.255,11.0,42.636204,25.353981,442.0,10800,Europe/Sofia,GMT+3
data\Tomato_Plant_Stages_Dataset\Stage1_Early_Vegetative\photo_2024-02-15_16-55-14 (23).jpg,Stage1_Early_Vegetative,2025-04-29,5.5,74,0.0,9.2,12.5,0.301,0.258,0.8,42.636204,25.353981,442.0,10800,Europe/Sofia,GMT+3
data\Tomato_Plant_Stages_Dataset\Stage1_Early_Vegetative\photo_2024-02-15_16-55-14 (24).jpg,Stage1_Early_Vegetative,2025-04-29,5.5,74,0.0,9.2,12.5,0.301,0.258,0.8,42.636204,25.353981,442.0,10800,Europe/Sofia,GMT+3
data\Tomato_Plant_Stages_Dataset\Stage1_Early_Vegetative\photo_2024-02-15_16-55-14 (25).jpg,Stage1_Early_Vegetative,2025-04-29,5.5,74,0.0,9.2,12.5,0.301,0.258,0.8,42.636204,25.353981,442.0,10800,Europe/Sofia,GMT+3
data\Tomato_Plant_Stages_Dataset\Stage1_Early_Vegetative\photo_2024-02-15_16-55-14 (26).jpg,Stage1_Early_Vegetative,2025-04-29,5.5,74,0.0,9.2,12.5,0.301,0.258,0.8,42.636204,25.353981,442.0,10800,Europe/Sofia,GMT+3
data\Tomato_Plant_Stages_Dataset\Stage1_Early_Vegetative\photo_2024-02-15_16-55-14 (3).jpg,Stage1_Early_Vegetative,2025-04-29,5.5,74,0.0,9.2,12.5,0.301,0.258,0.8,42.636204,25.353981,442.0,10800,Europe/Sofia,GMT+3
data\Tomato_Plant_Stages_Dataset\Stage1_Early_Vegetative\photo_2024-02-15_16-55-14 (4).jpg,Stage1_Early_Vegetative,2025-04-29,5.5,74,0.0,9.2,12.5,0.301,0.258,0.8,42.636204,25.353981,442.0,10800,Europe/Sofia,GMT+3
data\Tomato_Plant_Stages_Dataset\Stage1_Early_Vegetative\photo_2024-02-15_16-55-14 (5).jpg,Stage1_Early_Vegetative,2025-04-30,4.3,96,0.0,9.1,12.0,0.254,0.246,2.5,42.636204,25.353981,442.0,10800,Europe/Sofia,GMT+3
data\Tomato_Plant_Stages_Dataset\Stage1_Early_Vegetative\photo_2024-02-15_16-55-14 (6).jpg,Stage1_Early_Vegetative,2025-04-30,4.3,96,0.0,9.1,12.0,0.254,0.246,2.5,42.636204,25.353981,442.0,10800,Europe/Sofia,GMT+3
data\Tomato_Plant_Stages_Dataset\Stage1_Early_Vegetative\photo_2024-02-15_16-55-14 (7).jpg,Stage1_Early_Vegetative,2025-04-30,4.3,96,0.0,9.1,12.0,0.254,0.246,2.5,42.636204,25.353981,442.0,10800,Europe/Sofia,GMT+3
data\Tomato_Plant_Stages_Dataset\Stage1_Early_Vegetative\photo_2024-02-15_16-55-14 (8).jpg,Stage1_Early_Vegetative,2025-04-30,4.3,96,0.0,9.1,12.0,0.254,0.246,2.5,42.636204,25.353981,442.0,10800,Europe/Sofia,GMT+3
data\Tomato_Plant_Stages_Dataset\Stage1_Early_Vegetative\photo_2024-02-15_16-55-14 (9).jpg,Stage1_Early_Vegetative,2025-04-30,4.3,96,0.0,9.1,12.0,0.254,0.246,2.5,42.636204,25.353981,442.0,10800,Europe/Sofia,GMT+3
data\Tomato_Plant_Stages_Dataset\Stage1_Early_Vegetative\photo_2024-02-15_16-55-14.jpg,Stage1_Early_Vegetative,2025-05-01,7.7,95,0.0,11.0,12.8,0.211,0.229,5.9,42.636204,25.353981,442.0,10800,Europe/Sofia,GMT+3
data\Tomato_Plant_Stages_Dataset\Stage1_Early_Vegetative\photo_2024-02-15_16-55-15 (2).jpg,Stage1_Early_Vegetative,2025-05-01,7.7,95,0.0,11.0,12.8,0.211,0.229,5.9,42.636204,25.353981,442.0,10800,Europe/Sofia,GMT+3
data\Tomato_Plant_Stages_Dataset\Stage1_Early_Vegetative\photo_2024-02-15_16-55-15 (3).jpg,Stage1_Early_Vegetative,2025-05-01,7.7,95,0.0,11.0,12.8,0.211,0.229,5.9,42.636204,25.353981,442.0,10800,Europe/Sofia,GMT+3
data\Tomato_Plant_Stages_Dataset\Stage1_Early_Vegetative\photo_2024-02-15_16-55-15 (4).jpg,Stage1_Early_Vegetative,2025-05-01,7.7,95,0.0,11.0,12.8,0.211,0.229,5.9,42.636204,25.353981,442.0,10800,Europe/Sofia,GMT+3
data\Tomato_Plant_Stages_Dataset\Stage1_Early_Vegetative\photo_2024-02-15_16-55-15 (5).jpg,Stage1_Early_Vegetative,2025-05-01,7.7,95,0.0,11.0,12.8,0.211,0.229,5.9,42.636204,25.353981,442.0,10800,Europe/Sofia,GMT+3
data\Tomato_Plant_Stages_Dataset\Stage1_Early_Vegetative\photo_2024-02-15_16-55-15.jpg,Stage1_Early_Vegetative,2025-05-01,7.7,95,0.0,11.0,12.8,0.211,0.229,5.9,42.636204,25.353981,442.0,10800,Europe/Sofia,GMT+3
data\Tomato_Plant_Stages_Dataset\Stage1_Early_Vegetative\photo_2024-02-15_16-55-26 (2).jpg,Stage1_Early_Vegetative,2025-05-02,10.5,94,0.0,12.8,13.9,0.168,0.201,4.5,42.636204,25.353981,442.0,10800,Europe/Sofia,GMT+3
data\Tomato_Plant_Stages_Dataset\Stage1_Early_Vegetative\photo_2024-02-15_16-55-26 (3).jpg,Stage1_Early_Vegetative,2025-05-02,10.5,94,0.0,12.8,13.9,0.168,0.201,4.5,42.636204,25.353981,442.0,10800,Europe/Sofia,GMT+3
data\Tomato_Plant_Stages_Dataset\Stage1_Early_Vegetative\photo_2024-02-15_16-55-26 (4).jpg,Stage1_Early_Vegetative,2025-05-02,10.5,94,0.0,12.8,13.9,0.168,0.201,4.5,42.636204,25.353981,442.0,10800,Europe/Sofia,GMT+3
data\Tomato_Plant_Stages_Dataset\Stage1_Early_Vegetative\photo_2024-02-15_16-55-26 (5).jpg,Stage1_Early_Vegetative,2025-05-02,10.5,94,0.0,12.8,13.9,0.168,0.201,4.5,42.636204,25.353981,442.0,10800,Europe/Sofia,GMT+3
data\Tomato_Plant_Stages_Dataset\Stage1_Early_Vegetative\photo_2024-02-15_16-55-26 (6).jpg,Stage1_Early_Vegetative,2025-05-02,10.5,94,0.0,12.8,13.9,0.168,0.201,4.5,42.636204,25.353981,442.0,10800,Europe/Sofia,GMT+3
data\Tomato_Plant_Stages_Dataset\Stage1_Early_Vegetative\photo_2024-02-15_16-55-26 (7).jpg,Stage1_Early_Vegetative,2025-05-02,10.5,94,0.0,12.8,13.9,0.168,0.201,4.5,42.636204,25.353981,442.0,10800,Europe/Sofia,GMT+3
data\Tomato_Plant_Stages_Dataset\Stage1_Early_Vegetative\photo_2024-02-15_16-55-26 (8).jpg,Stage1_Early_Vegetative,2025-05-03,9.5,92,0.0,13.4,15.1,0.126,0.177,3.7,42.636204,25.353981,442.0,10800,Europe/Sofia,GMT+3
data\Tomato_Plant_Stages_Dataset\Stage1_Early_Vegetative\photo_2024-02-15_16-55-26 (9).jpg,Stage1_Early_Vegetative,2025-05-03,9.5,92,0.0,13.4,15.1,0.126,0.177,3.7,42.636204,25.353981,442.0,10800,Europe/Sofia,GMT+3
data\Tomato_Plant_Stages_Dataset\Stage1_Early_Vegetative\photo_2024-02-15_16-55-26.jpg,Stage1_Early_Vegetative,2025-05-03,9.5,92,0.0,13.4,15.1,0.126,0.177,3.7,42.636204,25.353981,442.0,10800,Europe/Sofia,GMT+3
data\Tomato_Plant_Stages_Dataset\Stage1_Early_Vegetative\photo_2024-02-15_16-55-36 (10).jpg,Stage1_Early_Vegetative,2025-05-03,9.5,92,0.0,13.4,15.1,0.126,0.177,3.7,42.636204,25.353981,442.0,10800,Europe/Sofia,GMT+3
data\Tomato_Plant_Stages_Dataset\Stage1_Early_Vegetative\photo_2024-02-15_16-55-36 (2).jpg,Stage1_Early_Vegetative,2025-05-03,9.5,92,0.0,13.4,15.1,0.126,0.177,3.7,42.636204,25.353981,442.0,10800,Europe/Sofia,GMT+3
data\Tomato_Plant_Stages_Dataset\Stage1_Early_Vegetative\photo_2024-02-15_16-55-36 (3).jpg,Stage1_Early_Vegetative,2025-05-04,13.8,62,0.0,15.1,15.7,0.105,0.161,4.3,42.636204,25.353981,442.0,10800,Europe/Sofia,GMT+3
data\Tomato_Plant_Stages_Dataset\Stage1_Early_Vegetative\photo_2024-02-15_16-55-36 (4).jpg,Stage1_Early_Vegetative,2025-05-04,13.8,62,0.0,15.1,15.7,0.105,0.161,4.3,42.636204,25.353981,442.0,10800,Europe/Sofia,GMT+3
data\Tomato_Plant_Stages_Dataset\Stage1_Early_Vegetative\photo_2024-02-15_16-55-36 (5).jpg,Stage1_Early_Vegetative,2025-05-04,13.8,62,0.0,15.1,15.7,0.105,0.161,4.3,42.636204,25.353981,442.0,10800,Europe/Sofia,GMT+3
data\Tomato_Plant_Stages_Dataset\Stage1_Early_Vegetative\photo_2024-02-15_16-55-36 (6).jpg,Stage1_Early_Vegetative,2025-05-04,13.8,62,0.0,15.1,15.7,0.105,0.161,4.3,42.636204,25.353981,442.0,10800,Europe/Sofia,GMT+3
data\Tomato_Plant_Stages_Dataset\Stage1_Early_Vegetative\photo_2024-02-15_16-55-36 (7).jpg,Stage1_Early_Vegetative,2025-05-04,13.8,62,0.0,15.1,15.7,0.105,0.161,4.3,42.636204,25.353981,442.0,10800,Europe/Sofia,GMT+3
data\Tomato_Plant_Stages_Dataset\Stage1_Early_Vegetative\photo_2024-02-15_16-55-36 (8).jpg,Stage1_Early_Vegetative,2025-05-04,13.8,62,0.0,15.1,15.7,0.105,0.161,4.3,42.636204,25.353981,442.0,10800,Europe/Sofia,GMT+3
data\Tomato_Plant_Stages_Dataset\Stage1_Early_Vegetative\photo_2024-02-15_16-55-36 (9).jpg,Stage1_Early_Vegetative,2025-05-05,15.4,72,0.0,17.1,16.8,0.089,0.153,1.8,42.636204,25.353981,442.0,10800,Europe/Sofia,GMT+3
data\Tomato_Plant_Stages_Dataset\Stage1_Early_Vegetative\photo_2024-02-15_16-55-36.jpg,Stage1_Early_Vegetative,2025-05-05,15.4,72,0.0,17.1,16.8,0.089,0.153,1.8,42.636204,25.353981,442.0,10800,Europe/Sofia,GMT+3
data\Tomato_Plant_Stages_Dataset\Stage1_Early_Vegetative\t.jpg,Stage1_Early_Vegetative,2025-05-05,15.4,72,0.0,17.1,16.8,0.089,0.153,1.8,42.636204,25.353981,442.0,10800,Europe/Sofia,GMT+3
data\Tomato_Plant_Stages_Dataset\Stage2_Flowering_Initiation\1710490230272.jpg,Stage2_Flowering_Initiation,2025-05-25,12.0,95,12.6,14.4,17.8,0.392,0.175,7.4,42.636204,25.353981,442.0,10800,Europe/Sofia,GMT+3
data\Tomato_Plant_Stages_Dataset\Stage2_Flowering_Initiation\1710490230278.jpg,Stage2_Flowering_Initiation,2025-05-25,12.0,95,12.6,14.4,17.8,0.392,0.175,7.4,42.636204,25.353981,442.0,10800,Europe/Sofia,GMT+3
data\Tomato_Plant_Stages_Dataset\Stage2_Flowering_Initiation\1710490230287.jpg,Stage2_Flowering_Initiation,2025-05-25,12.0,95,12.6,14.4,17.8,0.392,0.175,7.4,42.636204,25.353981,442.0,10800,Europe/Sofia,GMT+3
data\Tomato_Plant_Stages_Dataset\Stage2_Flowering_Initiation\1710490230294.jpg,Stage2_Flowering_Initiation,2025-05-26,9.1,94,0.9,11.0,14.5,0.346,0.145,7.2,42.636204,25.353981,442.0,10800,Europe/Sofia,GMT+3
data\Tomato_Plant_Stages_Dataset\Stage2_Flowering_Initiation\1710490230306.jpg,Stage2_Flowering_Initiation,2025-05-26,9.1,94,0.9,11.0,14.5,0.346,0.145,7.2,42.636204,25.353981,442.0,10800,Europe/Sofia,GMT+3
data\Tomato_Plant_Stages_Dataset\Stage2_Flowering_Initiation\1710490230312.jpg,Stage2_Flowering_Initiation,2025-05-26,9.1,94,0.9,11.0,14.5,0.346,0.145,7.2,42.636204,25.353981,442.0,10800,Europe/Sofia,GMT+3
data\Tomato_Plant_Stages_Dataset\Stage2_Flowering_Initiation\1710490230321.jpg,Stage2_Flowering_Initiation,2025-05-26,9.1,94,0.9,11.0,14.5,0.346,0.145,7.2,42.636204,25.353981,442.0,10800,Europe/Sofia,GMT+3
data\Tomato_Plant_Stages_Dataset\Stage2_Flowering_Initiation\1710490230327.jpg,Stage2_Flowering_Initiation,2025-05-26,9.1,94,0.9,11.0,14.5,0.346,0.145,7.2,42.636204,25.353981,442.0,10800,Europe/Sofia,GMT+3
data\Tomato_Plant_Stages_Dataset\Stage2_Flowering_Initiation\1710490230333.jpg,Stage2_Flowering_Initiation,2025-05-26,9.1,94,0.9,11.0,14.5,0.346,0.145,7.2,42.636204,25.353981,442.0,10800,Europe/Sofia,GMT+3
data\Tomato_Plant_Stages_Dataset\Stage2_Flowering_Initiation\1710490230339.jpg,Stage2_Flowering_Initiation,2025-05-27,10.3,89,0.0,11.5,12.9,0.323,0.198,3.7,42.636204,25.353981,442.0,10800,Europe/Sofia,GMT+3
data\Tomato_Plant_Stages_Dataset\Stage2_Flowering_Initiation\1710490230345.jpg,Stage2_Flowering_Initiation,2025-05-27,10.3,89,0.0,11.5,12.9,0.323,0.198,3.7,42.636204,25.353981,442.0,10800,Europe/Sofia,GMT+3
data\Tomato_Plant_Stages_Dataset\Stage2_Flowering_Initiation\1710490230352.jpg,Stage2_Flowering_Initiation,2025-05-27,10.3,89,0.0,11.5,12.9,0.323,0.198,3.7,42.636204,25.353981,442.0,10800,Europe/Sofia,GMT+3
data\Tomato_Plant_Stages_Dataset\Stage2_Flowering_Initiation\1710490230358.jpg,Stage2_Flowering_Initiation,2025-05-27,10.3,89,0.0,11.5,12.9,0.323,0.198,3.7,42.636204,25.353981,442.0,10800,Europe/Sofia,GMT+3
data\Tomato_Plant_Stages_Dataset\Stage2_Flowering_Initiation\1710490230364.jpg,Stage2_Flowering_Initiation,2025-05-27,10.3,89,0.0,11.5,12.9,0.323,0.198,3.7,42.636204,25.353981,442.0,10800,Europe/Sofia,GMT+3
data\Tomato_Plant_Stages_Dataset\Stage2_Flowering_Initiation\1710490230370.jpg,Stage2_Flowering_Initiation,2025-05-27,10.3,89,0.0,11.5,12.9,0.323,0.198,3.7,42.636204,25.353981,442.0,10800,Europe/Sofia,GMT+3
data\Tomato_Plant_Stages_Dataset\Stage2_Flowering_Initiation\1710490230381.jpg,Stage2_Flowering_Initiation,2025-05-28,11.6,88,0.0,12.9,14.5,0.283,0.203,5.3,42.636204,25.353981,442.0,10800,Europe/Sofia,GMT+3
data\Tomato_Plant_Stages_Dataset\Stage2_Flowering_Initiation\1710490230391.jpg,Stage2_Flowering_Initiation,2025-05-28,11.6,88,0.0,12.9,14.5,0.283,0.203,5.3,42.636204,25.353981,442.0,10800,Europe/Sofia,GMT+3
data\Tomato_Plant_Stages_Dataset\Stage2_Flowering_Initiation\1710490230397.jpg,Stage2_Flowering_Initiation,2025-05-28,11.6,88,0.0,12.9,14.5,0.283,0.203,5.3,42.636204,25.353981,442.0,10800,Europe/Sofia,GMT+3
data\Tomato_Plant_Stages_Dataset\Stage2_Flowering_Initiation\1710490230406.jpg,Stage2_Flowering_Initiation,2025-05-28,11.6,88,0.0,12.9,14.5,0.283,0.203,5.3,42.636204,25.353981,442.0,10800,Europe/Sofia,GMT+3
data\Tomato_Plant_Stages_Dataset\Stage2_Flowering_Initiation\1710490230412.jpg,Stage2_Flowering_Initiation,2025-05-28,11.6,88,0.0,12.9,14.5,0.283,0.203,5.3,42.636204,25.353981,442.0,10800,Europe/Sofia,GMT+3
data\Tomato_Plant_Stages_Dataset\Stage2_Flowering_Initiation\1710490230424.jpg,Stage2_Flowering_Initiation,2025-05-28,11.6,88,0.0,12.9,14.5,0.283,0.203,5.3,42.636204,25.353981,442.0,10800,Europe/Sofia,GMT+3
data\Tomato_Plant_Stages_Dataset\Stage2_Flowering_Initiation\1710490230436.jpg,Stage2_Flowering_Initiation,2025-05-29,11.5,79,0.0,13.7,15.4,0.233,0.193,4.8,42.636204,25.353981,442.0,10800,Europe/Sofia,GMT+3
data\Tomato_Plant_Stages_Dataset\Stage2_Flowering_Initiation\1710490230442.jpg,Stage2_Flowering_Initiation,2025-05-29,11.5,79,0.0,13.7,15.4,0.233,0.193,4.8,42.636204,25.353981,442.0,10800,Europe/Sofia,GMT+3
data\Tomato_Plant_Stages_Dataset\Stage2_Flowering_Initiation\1710490230449.jpg,Stage2_Flowering_Initiation,2025-05-29,11.5,79,0.0,13.7,15.4,0.233,0.193,4.8,42.636204,25.353981,442.0,10800,Europe/Sofia,GMT+3
data\Tomato_Plant_Stages_Dataset\Stage2_Flowering_Initiation\1710490230462.jpg,Stage2_Flowering_Initiation,2025-05-29,11.5,79,0.0,13.7,15.4,0.233,0.193,4.8,42.636204,25.353981,442.0,10800,Europe/Sofia,GMT+3
data\Tomato_Plant_Stages_Dataset\Stage2_Flowering_Initiation\1710490230482.jpg,Stage2_Flowering_Initiation,2025-05-29,11.5,79,0.0,13.7,15.4,0.233,0.193,4.8,42.636204,25.353981,442.0,10800,Europe/Sofia,GMT+3
data\Tomato_Plant_Stages_Dataset\Stage2_Flowering_Initiation\1710490230489.jpg,Stage2_Flowering_Initiation,2025-05-29,11.5,79,0.0,13.7,15.4,0.233,0.193,4.8,42.636204,25.353981,442.0,10800,Europe/Sofia,GMT+3
data\Tomato_Plant_Stages_Dataset\Stage2_Flowering_Initiation\1710490230494.jpg,Stage2_Flowering_Initiation,2025-05-30,12.6,88,0.0,14.6,15.9,0.211,0.191,5.2,42.636204,25.353981,442.0,10800,Europe/Sofia,GMT+3
data\Tomato_Plant_Stages_Dataset\Stage2_Flowering_Initiation\1710490230500.jpg,Stage2_Flowering_Initiation,2025-05-30,12.6,88,0.0,14.6,15.9,0.211,0.191,5.2,42.636204,25.353981,442.0,10800,Europe/Sofia,GMT+3
data\Tomato_Plant_Stages_Dataset\Stage2_Flowering_Initiation\1710490230506.jpg,Stage2_Flowering_Initiation,2025-05-30,12.6,88,0.0,14.6,15.9,0.211,0.191,5.2,42.636204,25.353981,442.0,10800,Europe/Sofia,GMT+3
data\Tomato_Plant_Stages_Dataset\Stage2_Flowering_Initiation\1710490230512.jpg,Stage2_Flowering_Initiation,2025-05-30,12.6,88,0.0,14.6,15.9,0.211,0.191,5.2,42.636204,25.353981,442.0,10800,Europe/Sofia,GMT+3
data\Tomato_Plant_Stages_Dataset\Stage2_Flowering_Initiation\1710490230517.jpg,Stage2_Flowering_Initiation,2025-05-30,12.6,88,0.0,14.6,15.9,0.211,0.191,5.2,42.636204,25.353981,442.0,10800,Europe/Sofia,GMT+3
data\Tomato_Plant_Stages_Dataset\Stage2_Flowering_Initiation\1710490230524.jpg,Stage2_Flowering_Initiation,2025-05-30,12.6,88,0.0,14.6,15.9,0.211,0.191,5.2,42.636204,25.353981,442.0,10800,Europe/Sofia,GMT+3
data\Tomato_Plant_Stages_Dataset\Stage2_Flowering_Initiation\1710490230530.jpg,Stage2_Flowering_Initiation,2025-05-31,13.0,89,0.0,15.3,16.1,0.19,0.185,5.6,42.636204,25.353981,442.0,10800,Europe/Sofia,GMT+3
data\Tomato_Plant_Stages_Dataset\Stage2_Flowering_Initiation\1710490230536.jpg,Stage2_Flowering_Initiation,2025-05-31,13.0,89,0.0,15.3,16.1,0.19,0.185,5.6,42.636204,25.353981,442.0,10800,Europe/Sofia,GMT+3
data\Tomato_Plant_Stages_Dataset\Stage2_Flowering_Initiation\1710490230543.jpg,Stage2_Flowering_Initiation,2025-05-31,13.0,89,0.0,15.3,16.1,0.19,0.185,5.6,42.636204,25.353981,442.0,10800,Europe/Sofia,GMT+3
data\Tomato_Plant_Stages_Dataset\Stage2_Flowering_Initiation\1710490230549.jpg,Stage2_Flowering_Initiation,2025-05-31,13.0,89,0.0,15.3,16.1,0.19,0.185,5.6,42.636204,25.353981,442.0,10800,Europe/Sofia,GMT+3
data\Tomato_Plant_Stages_Dataset\Stage2_Flowering_Initiation\1710490230559.jpg,Stage2_Flowering_Initiation,2025-05-31,13.0,89,0.0,15.3,16.1,0.19,0.185,5.6,42.636204,25.353981,442.0,10800,Europe/Sofia,GMT+3
data\Tomato_Plant_Stages_Dataset\Stage2_Flowering_Initiation\1710490230564.jpg,Stage2_Flowering_Initiation,2025-05-31,13.0,89,0.0,15.3,16.1,0.19,0.185,5.6,42.636204,25.353981,442.0,10800,Europe/Sofia,GMT+3
data\Tomato_Plant_Stages_Dataset\Stage2_Flowering_Initiation\1710490230570.jpg,Stage2_Flowering_Initiation,2025-06-01,12.1,94,0.0,15.3,16.8,0.19,0.184,3.4,42.636204,25.353981,442.0,10800,Europe/Sofia,GMT+3
data\Tomato_Plant_Stages_Dataset\Stage2_Flowering_Initiation\1710490230576.jpg,Stage2_Flowering_Initiation,2025-06-01,12.1,94,0.0,15.3,16.8,0.19,0.184,3.4,42.636204,25.353981,442.0,10800,Europe/Sofia,GMT+3
data\Tomato_Plant_Stages_Dataset\Stage2_Flowering_Initiation\1710490230582.jpg,Stage2_Flowering_Initiation,2025-06-01,12.1,94,0.0,15.3,16.8,0.19,0.184,3.4,42.636204,25.353981,442.0,10800,Europe/Sofia,GMT+3
data\Tomato_Plant_Stages_Dataset\Stage2_Flowering_Initiation\1710490230590.jpg,Stage2_Flowering_Initiation,2025-06-01,12.1,94,0.0,15.3,16.8,0.19,0.184,3.4,42.636204,25.353981,442.0,10800,Europe/Sofia,GMT+3
data\Tomato_Plant_Stages_Dataset\Stage2_Flowering_Initiation\1710490230596.jpg,Stage2_Flowering_Initiation,2025-06-01,12.1,94,0.0,15.3,16.8,0.19,0.184,3.4,42.636204,25.353981,442.0,10800,Europe/Sofia,GMT+3
data\Tomato_Plant_Stages_Dataset\Stage2_Flowering_Initiation\1710490230606.jpg,Stage2_Flowering_Initiation,2025-06-01,12.1,94,0.0,15.3,16.8,0.19,0.184,3.4,42.636204,25.353981,442.0,10800,Europe/Sofia,GMT+3
data\Tomato_Plant_Stages_Dataset\Stage2_Flowering_Initiation\1710490230611.jpg,Stage2_Flowering_Initiation,2025-06-02,12.9,96,0.0,16.2,17.3,0.172,0.171,4.9,42.636204,25.353981,442.0,10800,Europe/Sofia,GMT+3
data\Tomato_Plant_Stages_Dataset\Stage2_Flowering_Initiation\1710490230617.jpg,Stage2_Flowering_Initiation,2025-06-02,12.9,96,0.0,16.2,17.3,0.172,0.171,4.9,42.636204,25.353981,442.0,10800,Europe/Sofia,GMT+3
data\Tomato_Plant_Stages_Dataset\Stage2_Flowering_Initiation\1710490230623.jpg,Stage2_Flowering_Initiation,2025-06-02,12.9,96,0.0,16.2,17.3,0.172,0.171,4.9,42.636204,25.353981,442.0,10800,Europe/Sofia,GMT+3
data\Tomato_Plant_Stages_Dataset\Stage2_Flowering_Initiation\1710490230629.jpg,Stage2_Flowering_Initiation,2025-06-02,12.9,96,0.0,16.2,17.3,0.172,0.171,4.9,42.636204,25.353981,442.0,10800,Europe/Sofia,GMT+3
data\Tomato_Plant_Stages_Dataset\Stage2_Flowering_Initiation\1710490230636.jpg,Stage2_Flowering_Initiation,2025-06-02,12.9,96,0.0,16.2,17.3,0.172,0.171,4.9,42.636204,25.353981,442.0,10800,Europe/Sofia,GMT+3
data\Tomato_Plant_Stages_Dataset\Stage2_Flowering_Initiation\1710490230642.jpg,Stage2_Flowering_Initiation,2025-06-02,12.9,96,0.0,16.2,17.3,0.172,0.171,4.9,42.636204,25.353981,442.0,10800,Europe/Sofia,GMT+3
data\Tomato_Plant_Stages_Dataset\Stage2_Flowering_Initiation\1710490230648.jpg,Stage2_Flowering_Initiation,2025-06-03,17.6,77,0.0,18.7,19.1,0.147,0.155,1.6,42.636204,25.353981,442.0,10800,Europe/Sofia,GMT+3
data\Tomato_Plant_Stages_Dataset\Stage2_Flowering_Initiation\1710490230654.jpg,Stage2_Flowering_Initiation,2025-06-03,17.6,77,0.0,18.7,19.1,0.147,0.155,1.6,42.636204,25.353981,442.0,10800,Europe/Sofia,GMT+3
data\Tomato_Plant_Stages_Dataset\Stage2_Flowering_Initiation\1710490230660.jpg,Stage2_Flowering_Initiation,2025-06-03,17.6,77,0.0,18.7,19.1,0.147,0.155,1.6,42.636204,25.353981,442.0,10800,Europe/Sofia,GMT+3
data\Tomato_Plant_Stages_Dataset\Stage2_Flowering_Initiation\1710490230666.jpg,Stage2_Flowering_Initiation,2025-06-03,17.6,77,0.0,18.7,19.1,0.147,0.155,1.6,42.636204,25.353981,442.0,10800,Europe/Sofia,GMT+3
data\Tomato_Plant_Stages_Dataset\Stage2_Flowering_Initiation\1710490230672.jpg,Stage2_Flowering_Initiation,2025-06-03,17.6,77,0.0,18.7,19.1,0.147,0.155,1.6,42.636204,25.353981,442.0,10800,Europe/Sofia,GMT+3
data\Tomato_Plant_Stages_Dataset\Stage2_Flowering_Initiation\1710490230678.jpg,Stage2_Flowering_Initiation,2025-06-04,19.0,74,0.0,21.4,20.9,0.12,0.139,2.9,42.636204,25.353981,442.0,10800,Europe/Sofia,GMT+3
data\Tomato_Plant_Stages_Dataset\Stage2_Flowering_Initiation\1710490230685.jpg,Stage2_Flowering_Initiation,2025-06-04,19.0,74,0.0,21.4,20.9,0.12,0.139,2.9,42.636204,25.353981,442.0,10800,Europe/Sofia,GMT+3
data\Tomato_Plant_Stages_Dataset\Stage2_Flowering_Initiation\1710490230691.jpg,Stage2_Flowering_Initiation,2025-06-04,19.0,74,0.0,21.4,20.9,0.12,0.139,2.9,42.636204,25.353981,442.0,10800,Europe/Sofia,GMT+3
data\Tomato_Plant_Stages_Dataset\Stage2_Flowering_Initiation\1710490230697.jpg,Stage2_Flowering_Initiation,2025-06-04,19.0,74,0.0,21.4,20.9,0.12,0.139,2.9,42.636204,25.353981,442.0,10800,Europe/Sofia,GMT+3
data\Tomato_Plant_Stages_Dataset\Stage2_Flowering_Initiation\1710490230703.jpg,Stage2_Flowering_Initiation,2025-06-04,19.0,74,0.0,21.4,20.9,0.12,0.139,2.9,42.636204,25.353981,442.0,10800,Europe/Sofia,GMT+3
data\Tomato_Plant_Stages_Dataset\Stage2_Flowering_Initiation\1710490230708.jpg,Stage2_Flowering_Initiation,2025-06-04,19.0,74,0.0,21.4,20.9,0.12,0.139,2.9,42.636204,25.353981,442.0,10800,Europe/Sofia,GMT+3
data\Tomato_Plant_Stages_Dataset\Stage2_Flowering_Initiation\1710490230714.jpg,Stage2_Flowering_Initiation,2025-06-05,20.1,84,0.0,23.3,22.5,0.111,0.137,3.5,42.636204,25.353981,442.0,10800,Europe/Sofia,GMT+3
data\Tomato_Plant_Stages_Dataset\Stage2_Flowering_Initiation\1710490230720.jpg,Stage2_Flowering_Initiation,2025-06-05,20.1,84,0.0,23.3,22.5,0.111,0.137,3.5,42.636204,25.353981,442.0,10800,Europe/Sofia,GMT+3
data\Tomato_Plant_Stages_Dataset\Stage2_Flowering_Initiation\1710490230727.jpg,Stage2_Flowering_Initiation,2025-06-05,20.1,84,0.0,23.3,22.5,0.111,0.137,3.5,42.636204,25.353981,442.0,10800,Europe/Sofia,GMT+3
data\Tomato_Plant_Stages_Dataset\Stage2_Flowering_Initiation\1710490230732.jpg,Stage2_Flowering_Initiation,2025-06-05,20.1,84,0.0,23.3,22.5,0.111,0.137,3.5,42.636204,25.353981,442.0,10800,Europe/Sofia,GMT+3
data\Tomato_Plant_Stages_Dataset\Stage2_Flowering_Initiation\1710490230738.jpg,Stage2_Flowering_Initiation,2025-06-05,20.1,84,0.0,23.3,22.5,0.111,0.137,3.5,42.636204,25.353981,442.0,10800,Europe/Sofia,GMT+3
data\Tomato_Plant_Stages_Dataset\Stage2_Flowering_Initiation\1710490230743.jpg,Stage2_Flowering_Initiation,2025-06-05,20.1,84,0.0,23.3,22.5,0.111,0.137,3.5,42.636204,25.353981,442.0,10800,Europe/Sofia,GMT+3
data\Tomato_Plant_Stages_Dataset\Stage2_Flowering_Initiation\1710490230749.jpg,Stage2_Flowering_Initiation,2025-06-06,22.0,62,0.0,25.8,24.2,0.097,0.123,1.0,42.636204,25.353981,442.0,10800,Europe/Sofia,GMT+3
data\Tomato_Plant_Stages_Dataset\Stage2_Flowering_Initiation\1710490230755.jpg,Stage2_Flowering_Initiation,2025-06-06,22.0,62,0.0,25.8,24.2,0.097,0.123,1.0,42.636204,25.353981,442.0,10800,Europe/Sofia,GMT+3
data\Tomato_Plant_Stages_Dataset\Stage2_Flowering_Initiation\1710490230761.jpg,Stage2_Flowering_Initiation,2025-06-06,22.0,62,0.0,25.8,24.2,0.097,0.123,1.0,42.636204,25.353981,442.0,10800,Europe/Sofia,GMT+3
data\Tomato_Plant_Stages_Dataset\Stage2_Flowering_Initiation\1710490230768.jpg,Stage2_Flowering_Initiation,2025-06-06,22.0,62,0.0,25.8,24.2,0.097,0.123,1.0,42.636204,25.353981,442.0,10800,Europe/Sofia,GMT+3
data\Tomato_Plant_Stages_Dataset\Stage2_Flowering_Initiation\1710490230774.jpg,Stage2_Flowering_Initiation,2025-06-06,22.0,62,0.0,25.8,24.2,0.097,0.123,1.0,42.636204,25.353981,442.0,10800,Europe/Sofia,GMT+3
data\Tomato_Plant_Stages_Dataset\Stage2_Flowering_Initiation\1710490230780.jpg,Stage2_Flowering_Initiation,2025-06-06,22.0,62,0.0,25.8,24.2,0.097,0.123,1.0,42.636204,25.353981,442.0,10800,Europe/Sofia,GMT+3
data\Tomato_Plant_Stages_Dataset\Stage2_Flowering_Initiation\1710490230787.jpg,Stage2_Flowering_Initiation,2025-06-07,20.3,69,0.0,24.3,24.2,0.105,0.123,3.3,42.636204,25.353981,442.0,10800,Europe/Sofia,GMT+3
data\Tomato_Plant_Stages_Dataset\Stage2_Flowering_Initiation\1710490230793.jpg,Stage2_Flowering_Initiation,2025-06-07,20.3,69,0.0,24.3,24.2,0.105,0.123,3.3,42.636204,25.353981,442.0,10800,Europe/Sofia,GMT+3
data\Tomato_Plant_Stages_Dataset\Stage2_Flowering_Initiation\1710490230799.jpg,Stage2_Flowering_Initiation,2025-06-07,20.3,69,0.0,24.3,24.2,0.105,0.123,3.3,42.636204,25.353981,442.0,10800,Europe/Sofia,GMT+3
data\Tomato_Plant_Stages_Dataset\Stage2_Flowering_Initiation\1710490230805.jpg,Stage2_Flowering_Initiation,2025-06-07,20.3,69,0.0,24.3,24.2,0.105,0.123,3.3,42.636204,25.353981,442.0,10800,Europe/Sofia,GMT+3
data\Tomato_Plant_Stages_Dataset\Stage2_Flowering_Initiation\1710490230811.jpg,Stage2_Flowering_Initiation,2025-06-07,20.3,69,0.0,24.3,24.2,0.105,0.123,3.3,42.636204,25.353981,442.0,10800,Europe/Sofia,GMT+3
data\Tomato_Plant_Stages_Dataset\Stage2_Flowering_Initiation\1710490230817.jpg,Stage2_Flowering_Initiation,2025-06-07,20.3,69,0.0,24.3,24.2,0.105,0.123,3.3,42.636204,25.353981,442.0,10800,Europe/Sofia,GMT+3
data\Tomato_Plant_Stages_Dataset\Stage2_Flowering_Initiation\1710490230823.jpg,Stage2_Flowering_Initiation,2025-06-08,18.5,76,0.0,23.2,23.6,0.128,0.123,2.3,42.636204,25.353981,442.0,10800,Europe/Sofia,GMT+3
data\Tomato_Plant_Stages_Dataset\Stage2_Flowering_Initiation\1710490230829.jpg,Stage2_Flowering_Initiation,2025-06-08,18.5,76,0.0,23.2,23.6,0.128,0.123,2.3,42.636204,25.353981,442.0,10800,Europe/Sofia,GMT+3
data\Tomato_Plant_Stages_Dataset\Stage2_Flowering_Initiation\1710490230834.jpg,Stage2_Flowering_Initiation,2025-06-08,18.5,76,0.0,23.2,23.6,0.128,0.123,2.3,42.636204,25.353981,442.0,10800,Europe/Sofia,GMT+3
data\Tomato_Plant_Stages_Dataset\Stage2_Flowering_Initiation\1710490230840.jpg,Stage2_Flowering_Initiation,2025-06-08,18.5,76,0.0,23.2,23.6,0.128,0.123,2.3,42.636204,25.353981,442.0,10800,Europe/Sofia,GMT+3
data\Tomato_Plant_Stages_Dataset\Stage2_Flowering_Initiation\1710490230846.jpg,Stage2_Flowering_Initiation,2025-06-08,18.5,76,0.0,23.2,23.6,0.128,0.123,2.3,42.636204,25.353981,442.0,10800,Europe/Sofia,GMT+3
data\Tomato_Plant_Stages_Dataset\Stage2_Flowering_Initiation\1710490230853.jpg,Stage2_Flowering_Initiation,2025-06-08,18.5,76,0.0,23.2,23.6,0.128,0.123,2.3,42.636204,25.353981,442.0,10800,Europe/Sofia,GMT+3
data\Tomato_Plant_Stages_Dataset\Stage2_Flowering_Initiation\1710490230859.jpg,Stage2_Flowering_Initiation,2025-06-09,20.0,62,0.0,23.5,24.1,0.118,0.124,0.4,42.636204,25.353981,442.0,10800,Europe/Sofia,GMT+3
data\Tomato_Plant_Stages_Dataset\Stage2_Flowering_Initiation\1710490230864.jpg,Stage2_Flowering_Initiation,2025-06-09,20.0,62,0.0,23.5,24.1,0.118,0.124,0.4,42.636204,25.353981,442.0,10800,Europe/Sofia,GMT+3
data\Tomato_Plant_Stages_Dataset\Stage2_Flowering_Initiation\1710490230870.jpg,Stage2_Flowering_Initiation,2025-06-09,20.0,62,0.0,23.5,24.1,0.118,0.124,0.4,42.636204,25.353981,442.0,10800,Europe/Sofia,GMT+3
data\Tomato_Plant_Stages_Dataset\Stage2_Flowering_Initiation\1710490230876.jpg,Stage2_Flowering_Initiation,2025-06-09,20.0,62,0.0,23.5,24.1,0.118,0.124,0.4,42.636204,25.353981,442.0,10800,Europe/Sofia,GMT+3
data\Tomato_Plant_Stages_Dataset\Stage2_Flowering_Initiation\1710490230882.jpg,Stage2_Flowering_Initiation,2025-06-09,20.0,62,0.0,23.5,24.1,0.118,0.124,0.4,42.636204,25.353981,442.0,10800,Europe/Sofia,GMT+3
data\Tomato_Plant_Stages_Dataset\Stage2_Flowering_Initiation\1710490230888.jpg,Stage2_Flowering_Initiation,2025-06-09,20.0,62,0.0,23.5,24.1,0.118,0.124,0.4,42.636204,25.353981,442.0,10800,Europe/Sofia,GMT+3
data\Tomato_Plant_Stages_Dataset\Stage2_Flowering_Initiation\1710490230894.jpg,Stage2_Flowering_Initiation,2025-06-10,20.1,70,0.0,23.7,24.2,0.103,0.124,7.4,42.636204,25.353981,442.0,10800,Europe/Sofia,GMT+3
data\Tomato_Plant_Stages_Dataset\Stage2_Flowering_Initiation\1710490230900.jpg,Stage2_Flowering_Initiation,2025-06-10,20.1,70,0.0,23.7,24.2,0.103,0.124,7.4,42.636204,25.353981,442.0,10800,Europe/Sofia,GMT+3
data\Tomato_Plant_Stages_Dataset\Stage2_Flowering_Initiation\1710490230906.jpg,Stage2_Flowering_Initiation,2025-06-10,20.1,70,0.0,23.7,24.2,0.103,0.124,7.4,42.636204,25.353981,442.0,10800,Europe/Sofia,GMT+3
data\Tomato_Plant_Stages_Dataset\Stage2_Flowering_Initiation\1710490230912.jpg,Stage2_Flowering_Initiation,2025-06-10,20.1,70,0.0,23.7,24.2,0.103,0.124,7.4,42.636204,25.353981,442.0,10800,Europe/Sofia,GMT+3
data\Tomato_Plant_Stages_Dataset\Stage2_Flowering_Initiation\1710490230918.jpg,Stage2_Flowering_Initiation,2025-06-10,20.1,70,0.0,23.7,24.2,0.103,0.124,7.4,42.636204,25.353981,442.0,10800,Europe/Sofia,GMT+3
data\Tomato_Plant_Stages_Dataset\Stage2_Flowering_Initiation\1710490230924.jpg,Stage2_Flowering_Initiation,2025-06-10,20.1,70,0.0,23.7,24.2,0.103,0.124,7.4,42.636204,25.353981,442.0,10800,Europe/Sofia,GMT+3
data\Tomato_Plant_Stages_Dataset\Stage2_Flowering_Initiation\1710490230930.jpg,Stage2_Flowering_Initiation,2025-06-11,18.1,61,0.0,21.8,23.7,0.118,0.124,2.3,42.636204,25.353981,442.0,10800,Europe/Sofia,GMT+3
data\Tomato_Plant_Stages_Dataset\Stage2_Flowering_Initiation\1710490230937.jpg,Stage2_Flowering_Initiation,2025-06-11,18.1,61,0.0,21.8,23.7,0.118,0.124,2.3,42.636204,25.353981,442.0,10800,Europe/Sofia,GMT+3
data\Tomato_Plant_Stages_Dataset\Stage2_Flowering_Initiation\1710490230943.jpg,Stage2_Flowering_Initiation,2025-06-11,18.1,61,0.0,21.8,23.7,0.118,0.124,2.3,42.636204,25.353981,442.0,10800,Europe/Sofia,GMT+3
data\Tomato_Plant_Stages_Dataset\Stage2_Flowering_Initiation\1710490230949.jpg,Stage2_Flowering_Initiation,2025-06-11,18.1,61,0.0,21.8,23.7,0.118,0.124,2.3,42.636204,25.353981,442.0,10800,Europe/Sofia,GMT+3
data\Tomato_Plant_Stages_Dataset\Stage2_Flowering_Initiation\1710490230955.jpg,Stage2_Flowering_Initiation,2025-06-11,18.1,61,0.0,21.8,23.7,0.118,0.124,2.3,42.636204,25.353981,442.0,10800,Europe/Sofia,GMT+3
data\Tomato_Plant_Stages_Dataset\Stage2_Flowering_Initiation\1710490230962.jpg,Stage2_Flowering_Initiation,2025-06-11,18.1,61,0.0,21.8,23.7,0.118,0.124,2.3,42.636204,25.353981,442.0,10800,Europe/Sofia,GMT+3
data\Tomato_Plant_Stages_Dataset\Stage2_Flowering_Initiation\1710490230971.jpg,Stage2_Flowering_Initiation,2025-06-12,19.3,86,0.0,23.3,23.7,0.118,0.124,4.8,42.636204,25.353981,442.0,10800,Europe/Sofia,GMT+3
data\Tomato_Plant_Stages_Dataset\Stage2_Flowering_Initiation\1710490230977.jpg,Stage2_Flowering_Initiation,2025-06-12,19.3,86,0.0,23.3,23.7,0.118,0.124,4.8,42.636204,25.353981,442.0,10800,Europe/Sofia,GMT+3
data\Tomato_Plant_Stages_Dataset\Stage2_Flowering_Initiation\1710490230987.jpg,Stage2_Flowering_Initiation,2025-06-12,19.3,86,0.0,23.3,23.7,0.118,0.124,4.8,42.636204,25.353981,442.0,10800,Europe/Sofia,GMT+3
data\Tomato_Plant_Stages_Dataset\Stage2_Flowering_Initiation\1710490230994.jpg,Stage2_Flowering_Initiation,2025-06-12,19.3,86,0.0,23.3,23.7,0.118,0.124,4.8,42.636204,25.353981,442.0,10800,Europe/Sofia,GMT+3
data\Tomato_Plant_Stages_Dataset\Stage2_Flowering_Initiation\1710490231005.jpg,Stage2_Flowering_Initiation,2025-06-12,19.3,86,0.0,23.3,23.7,0.118,0.124,4.8,42.636204,25.353981,442.0,10800,Europe/Sofia,GMT+3
data\Tomato_Plant_Stages_Dataset\Stage2_Flowering_Initiation\1710490231011.jpg,Stage2_Flowering_Initiation,2025-06-13,15.8,76,0.0,21.3,23.6,0.113,0.124,3.8,42.636204,25.353981,442.0,10800,Europe/Sofia,GMT+3
data\Tomato_Plant_Stages_Dataset\Stage2_Flowering_Initiation\1710594998821.jpg,Stage2_Flowering_Initiation,2025-06-13,15.8,76,0.0,21.3,23.6,0.113,0.124,3.8,42.636204,25.353981,442.0,10800,Europe/Sofia,GMT+3
data\Tomato_Plant_Stages_Dataset\Stage2_Flowering_Initiation\1710594998833.jpg,Stage2_Flowering_Initiation,2025-06-13,15.8,76,0.0,21.3,23.6,0.113,0.124,3.8,42.636204,25.353981,442.0,10800,Europe/Sofia,GMT+3
data\Tomato_Plant_Stages_Dataset\Stage2_Flowering_Initiation\1710594998842.jpg,Stage2_Flowering_Initiation,2025-06-13,15.8,76,0.0,21.3,23.6,0.113,0.124,3.8,42.636204,25.353981,442.0,10800,Europe/Sofia,GMT+3
data\Tomato_Plant_Stages_Dataset\Stage2_Flowering_Initiation\1710594998850.jpg,Stage2_Flowering_Initiation,2025-06-13,15.8,76,0.0,21.3,23.6,0.113,0.124,3.8,42.636204,25.353981,442.0,10800,Europe/Sofia,GMT+3
data\Tomato_Plant_Stages_Dataset\Stage2_Flowering_Initiation\1710594998864.jpg,Stage2_Flowering_Initiation,2025-06-13,15.8,76,0.0,21.3,23.6,0.113,0.124,3.8,42.636204,25.353981,442.0,10800,Europe/Sofia,GMT+3
data\Tomato_Plant_Stages_Dataset\Stage2_Flowering_Initiation\1710594998872.jpg,Stage2_Flowering_Initiation,2025-06-14,16.5,73,0.0,21.3,23.0,0.113,0.124,2.0,42.636204,25.353981,442.0,10800,Europe/Sofia,GMT+3
data\Tomato_Plant_Stages_Dataset\Stage2_Flowering_Initiation\1710594998880.jpg,Stage2_Flowering_Initiation,2025-06-14,16.5,73,0.0,21.3,23.0,0.113,0.124,2.0,42.636204,25.353981,442.0,10800,Europe/Sofia,GMT+3
data\Tomato_Plant_Stages_Dataset\Stage2_Flowering_Initiation\1710594998889.jpg,Stage2_Flowering_Initiation,2025-06-14,16.5,73,0.0,21.3,23.0,0.113,0.124,2.0,42.636204,25.353981,442.0,10800,Europe/Sofia,GMT+3
data\Tomato_Plant_Stages_Dataset\Stage2_Flowering_Initiation\1710594998898.jpg,Stage2_Flowering_Initiation,2025-06-14,16.5,73,0.0,21.3,23.0,0.113,0.124,2.0,42.636204,25.353981,442.0,10800,Europe/Sofia,GMT+3
data\Tomato_Plant_Stages_Dataset\Stage2_Flowering_Initiation\1710594998907.jpg,Stage2_Flowering_Initiation,2025-06-14,16.5,73,0.0,21.3,23.0,0.113,0.124,2.0,42.636204,25.353981,442.0,10800,Europe/Sofia,GMT+3
data\Tomato_Plant_Stages_Dataset\Stage2_Flowering_Initiation\1710594998915.jpg,Stage2_Flowering_Initiation,2025-06-14,16.5,73,0.0,21.3,23.0,0.113,0.124,2.0,42.636204,25.353981,442.0,10800,Europe/Sofia,GMT+3
data\Tomato_Plant_Stages_Dataset\Stage2_Flowering_Initiation\1710594998929.jpg,Stage2_Flowering_Initiation,2025-06-15,14.8,97,0.0,19.6,22.1,0.129,0.124,2.9,42.636204,25.353981,442.0,10800,Europe/Sofia,GMT+3
data\Tomato_Plant_Stages_Dataset\Stage2_Flowering_Initiation\1710594998937.jpg,Stage2_Flowering_Initiation,2025-06-15,14.8,97,0.0,19.6,22.1,0.129,0.124,2.9,42.636204,25.353981,442.0,10800,Europe/Sofia,GMT+3
data\Tomato_Plant_Stages_Dataset\Stage2_Flowering_Initiation\1710594998946.jpg,Stage2_Flowering_Initiation,2025-06-15,14.8,97,0.0,19.6,22.1,0.129,0.124,2.9,42.636204,25.353981,442.0,10800,Europe/Sofia,GMT+3
data\Tomato_Plant_Stages_Dataset\Stage2_Flowering_Initiation\1710594998954.jpg,Stage2_Flowering_Initiation,2025-06-15,14.8,97,0.0,19.6,22.1,0.129,0.124,2.9,42.636204,25.353981,442.0,10800,Europe/Sofia,GMT+3
data\Tomato_Plant_Stages_Dataset\Stage2_Flowering_Initiation\1710594998963.jpg,Stage2_Flowering_Initiation,2025-06-15,14.8,97,0.0,19.6,22.1,0.129,0.124,2.9,42.636204,25.353981,442.0,10800,Europe/Sofia,GMT+3
data\Tomato_Plant_Stages_Dataset\Stage2_Flowering_Initiation\1710594998973.jpg,Stage2_Flowering_Initiation,2025-06-15,14.8,97,0.0,19.6,22.1,0.129,0.124,2.9,42.636204,25.353981,442.0,10800,Europe/Sofia,GMT+3
data\Tomato_Plant_Stages_Dataset\Stage2_Flowering_Initiation\1710594998982.jpg,Stage2_Flowering_Initiation,2025-06-16,15.1,86,0.0,19.3,21.7,0.129,0.124,3.2,42.636204,25.353981,442.0,10800,Europe/Sofia,GMT+3
data\Tomato_Plant_Stages_Dataset\Stage2_Flowering_Initiation\1710594998999.jpg,Stage2_Flowering_Initiation,2025-06-16,15.1,86,0.0,19.3,21.7,0.129,0.124,3.2,42.636204,25.353981,442.0,10800,Europe/Sofia,GMT+3
data\Tomato_Plant_Stages_Dataset\Stage2_Flowering_Initiation\1710594999013.jpg,Stage2_Flowering_Initiation,2025-06-16,15.1,86,0.0,19.3,21.7,0.129,0.124,3.2,42.636204,25.353981,442.0,10800,Europe/Sofia,GMT+3
data\Tomato_Plant_Stages_Dataset\Stage2_Flowering_Initiation\1710594999025.jpg,Stage2_Flowering_Initiation,2025-06-16,15.1,86,0.0,19.3,21.7,0.129,0.124,3.2,42.636204,25.353981,442.0,10800,Europe/Sofia,GMT+3
data\Tomato_Plant_Stages_Dataset\Stage2_Flowering_Initiation\1710594999034.jpg,Stage2_Flowering_Initiation,2025-06-16,15.1,86,0.0,19.3,21.7,0.129,0.124,3.2,42.636204,25.353981,442.0,10800,Europe/Sofia,GMT+3
data\Tomato_Plant_Stages_Dataset\Stage2_Flowering_Initiation\1710594999042.jpg,Stage2_Flowering_Initiation,2025-06-16,15.1,86,0.0,19.3,21.7,0.129,0.124,3.2,42.636204,25.353981,442.0,10800,Europe/Sofia,GMT+3
data\Tomato_Plant_Stages_Dataset\Stage2_Flowering_Initiation\1710594999050.jpg,Stage2_Flowering_Initiation,2025-06-17,16.3,87,0.0,21.3,22.4,0.118,0.124,4.9,42.636204,25.353981,442.0,10800,Europe/Sofia,GMT+3
data\Tomato_Plant_Stages_Dataset\Stage2_Flowering_Initiation\1710594999059.jpg,Stage2_Flowering_Initiation,2025-06-17,16.3,87,0.0,21.3,22.4,0.118,0.124,4.9,42.636204,25.353981,442.0,10800,Europe/Sofia,GMT+3
data\Tomato_Plant_Stages_Dataset\Stage2_Flowering_Initiation\1710594999067.jpg,Stage2_Flowering_Initiation,2025-06-17,16.3,87,0.0,21.3,22.4,0.118,0.124,4.9,42.636204,25.353981,442.0,10800,Europe/Sofia,GMT+3
data\Tomato_Plant_Stages_Dataset\Stage2_Flowering_Initiation\1710594999075.jpg,Stage2_Flowering_Initiation,2025-06-17,16.3,87,0.0,21.3,22.4,0.118,0.124,4.9,42.636204,25.353981,442.0,10800,Europe/Sofia,GMT+3
data\Tomato_Plant_Stages_Dataset\Stage2_Flowering_Initiation\1710594999083.jpg,Stage2_Flowering_Initiation,2025-06-17,16.3,87,0.0,21.3,22.4,0.118,0.124,4.9,42.636204,25.353981,442.0,10800,Europe/Sofia,GMT+3
data\Tomato_Plant_Stages_Dataset\Stage2_Flowering_Initiation\1710594999092.jpg,Stage2_Flowering_Initiation,2025-06-17,16.3,87,0.0,21.3,22.4,0.118,0.124,4.9,42.636204,25.353981,442.0,10800,Europe/Sofia,GMT+3
data\Tomato_Plant_Stages_Dataset\Stage2_Flowering_Initiation\1710594999102.jpg,Stage2_Flowering_Initiation,2025-06-18,19.0,71,0.0,23.5,23.7,0.104,0.124,5.3,42.636204,25.353981,442.0,10800,Europe/Sofia,GMT+3
data\Tomato_Plant_Stages_Dataset\Stage2_Flowering_Initiation\1710594999113.jpg,Stage2_Flowering_Initiation,2025-06-18,19.0,71,0.0,23.5,23.7,0.104,0.124,5.3,42.636204,25.353981,442.0,10800,Europe/Sofia,GMT+3
data\Tomato_Plant_Stages_Dataset\Stage2_Flowering_Initiation\1710594999121.jpg,Stage2_Flowering_Initiation,2025-06-18,19.0,71,0.0,23.5,23.7,0.104,0.124,5.3,42.636204,25.353981,442.0,10800,Europe/Sofia,GMT+3
data\Tomato_Plant_Stages_Dataset\Stage2_Flowering_Initiation\1710594999128.jpg,Stage2_Flowering_Initiation,2025-06-18,19.0,71,0.0,23.5,23.7,0.104,0.124,5.3,42.636204,25.353981,442.0,10800,Europe/Sofia,GMT+3
data\Tomato_Plant_Stages_Dataset\Stage2_Flowering_Initiation\1710594999136.jpg,Stage2_Flowering_Initiation,2025-06-18,19.0,71,0.0,23.5,23.7,0.104,0.124,5.3,42.636204,25.353981,442.0,10800,Europe/Sofia,GMT+3
data\Tomato_Plant_Stages_Dataset\Stage2_Flowering_Initiation\1710594999144.jpg,Stage2_Flowering_Initiation,2025-06-18,19.0,71,0.0,23.5,23.7,0.104,0.124,5.3,42.636204,25.353981,442.0,10800,Europe/Sofia,GMT+3
data\Tomato_Plant_Stages_Dataset\Stage2_Flowering_Initiation\1710594999153.jpg,Stage2_Flowering_Initiation,2025-06-19,20.3,88,0.0,24.6,24.7,0.097,0.124,3.6,42.636204,25.353981,442.0,10800,Europe/Sofia,GMT+3
data\Tomato_Plant_Stages_Dataset\Stage2_Flowering_Initiation\1710594999161.jpg,Stage2_Flowering_Initiation,2025-06-19,20.3,88,0.0,24.6,24.7,0.097,0.124,3.6,42.636204,25.353981,442.0,10800,Europe/Sofia,GMT+3
data\Tomato_Plant_Stages_Dataset\Stage2_Flowering_Initiation\1710594999168.jpg,Stage2_Flowering_Initiation,2025-06-19,20.3,88,0.0,24.6,24.7,0.097,0.124,3.6,42.636204,25.353981,442.0,10800,Europe/Sofia,GMT+3
data\Tomato_Plant_Stages_Dataset\Stage2_Flowering_Initiation\1710594999176.jpg,Stage2_Flowering_Initiation,2025-06-19,20.3,88,0.0,24.6,24.7,0.097,0.124,3.6,42.636204,25.353981,442.0,10800,Europe/Sofia,GMT+3
data\Tomato_Plant_Stages_Dataset\Stage2_Flowering_Initiation\1710594999183.jpg,Stage2_Flowering_Initiation,2025-06-19,20.3,88,0.0,24.6,24.7,0.097,0.124,3.6,42.636204,25.353981,442.0,10800,Europe/Sofia,GMT+3
data\Tomato_Plant_Stages_Dataset\Stage2_Flowering_Initiation\1710594999191.jpg,Stage2_Flowering_Initiation,2025-06-19,20.3,88,0.0,24.6,24.7,0.097,0.124,3.6,42.636204,25.353981,442.0,10800,Europe/Sofia,GMT+3
data\Tomato_Plant_Stages_Dataset\Stage2_Flowering_Initiation\1710594999199.jpg,Stage2_Flowering_Initiation,2025-06-20,22.6,64,0.0,25.4,25.4,0.108,0.124,4.4,42.636204,25.353981,442.0,10800,Europe/Sofia,GMT+3
data\Tomato_Plant_Stages_Dataset\Stage2_Flowering_Initiation\1710594999209.jpg,Stage2_Flowering_Initiation,2025-06-20,22.6,64,0.0,25.4,25.4,0.108,0.124,4.4,42.636204,25.353981,442.0,10800,Europe/Sofia,GMT+3
data\Tomato_Plant_Stages_Dataset\Stage2_Flowering_Initiation\1710594999216.jpg,Stage2_Flowering_Initiation,2025-06-20,22.6,64,0.0,25.4,25.4,0.108,0.124,4.4,42.636204,25.353981,442.0,10800,Europe/Sofia,GMT+3
data\Tomato_Plant_Stages_Dataset\Stage2_Flowering_Initiation\1710594999225.jpg,Stage2_Flowering_Initiation,2025-06-20,22.6,64,0.0,25.4,25.4,0.108,0.124,4.4,42.636204,25.353981,442.0,10800,Europe/Sofia,GMT+3
data\Tomato_Plant_Stages_Dataset\Stage2_Flowering_Initiation\1710594999233.jpg,Stage2_Flowering_Initiation,2025-06-20,22.6,64,0.0,25.4,25.4,0.108,0.124,4.4,42.636204,25.353981,442.0,10800,Europe/Sofia,GMT+3
data\Tomato_Plant_Stages_Dataset\Stage2_Flowering_Initiation\1710594999242.jpg,Stage2_Flowering_Initiation,2025-06-20,22.6,64,0.0,25.4,25.4,0.108,0.124,4.4,42.636204,25.353981,442.0,10800,Europe/Sofia,GMT+3
data\Tomato_Plant_Stages_Dataset\Stage2_Flowering_Initiation\1710594999249.jpg,Stage2_Flowering_Initiation,2025-06-21,18.5,71,0.0,24.4,25.5,0.093,0.124,3.2,42.636204,25.353981,442.0,10800,Europe/Sofia,GMT+3
data\Tomato_Plant_Stages_Dataset\Stage2_Flowering_Initiation\1710594999258.jpg,Stage2_Flowering_Initiation,2025-06-21,18.5,71,0.0,24.4,25.5,0.093,0.124,3.2,42.636204,25.353981,442.0,10800,Europe/Sofia,GMT+3
data\Tomato_Plant_Stages_Dataset\Stage2_Flowering_Initiation\1710594999266.jpg,Stage2_Flowering_Initiation,2025-06-21,18.5,71,0.0,24.4,25.5,0.093,0.124,3.2,42.636204,25.353981,442.0,10800,Europe/Sofia,GMT+3
data\Tomato_Plant_Stages_Dataset\Stage2_Flowering_Initiation\1710594999276.jpg,Stage2_Flowering_Initiation,2025-06-21,18.5,71,0.0,24.4,25.5,0.093,0.124,3.2,42.636204,25.353981,442.0,10800,Europe/Sofia,GMT+3
data\Tomato_Plant_Stages_Dataset\Stage2_Flowering_Initiation\1710594999284.jpg,Stage2_Flowering_Initiation,2025-06-21,18.5,71,0.0,24.4,25.5,0.093,0.124,3.2,42.636204,25.353981,442.0,10800,Europe/Sofia,GMT+3
data\Tomato_Plant_Stages_Dataset\Stage2_Flowering_Initiation\1710594999292.jpg,Stage2_Flowering_Initiation,2025-06-22,16.0,84,0.0,20.5,23.7,0.111,0.124,3.8,42.636204,25.353981,442.0,10800,Europe/Sofia,GMT+3
data\Tomato_Plant_Stages_Dataset\Stage2_Flowering_Initiation\1710594999300.jpg,Stage2_Flowering_Initiation,2025-06-22,16.0,84,0.0,20.5,23.7,0.111,0.124,3.8,42.636204,25.353981,442.0,10800,Europe/Sofia,GMT+3
data\Tomato_Plant_Stages_Dataset\Stage2_Flowering_Initiation\1710594999308.jpg,Stage2_Flowering_Initiation,2025-06-22,16.0,84,0.0,20.5,23.7,0.111,0.124,3.8,42.636204,25.353981,442.0,10800,Europe/Sofia,GMT+3
data\Tomato_Plant_Stages_Dataset\Stage2_Flowering_Initiation\1710594999317.jpg,Stage2_Flowering_Initiation,2025-06-22,16.0,84,0.0,20.5,23.7,0.111,0.124,3.8,42.636204,25.353981,442.0,10800,Europe/Sofia,GMT+3
data\Tomato_Plant_Stages_Dataset\Stage2_Flowering_Initiation\1710594999325.jpg,Stage2_Flowering_Initiation,2025-06-22,16.0,84,0.0,20.5,23.7,0.111,0.124,3.8,42.636204,25.353981,442.0,10800,Europe/Sofia,GMT+3
data\Tomato_Plant_Stages_Dataset\Stage2_Flowering_Initiation\1710594999333.jpg,Stage2_Flowering_Initiation,2025-06-22,16.0,84,0.0,20.5,23.7,0.111,0.124,3.8,42.636204,25.353981,442.0,10800,Europe/Sofia,GMT+3
data\Tomato_Plant_Stages_Dataset\Stage2_Flowering_Initiation\1710594999341.jpg,Stage2_Flowering_Initiation,2025-06-23,16.6,75,0.0,21.3,23.4,0.115,0.124,3.8,42.636204,25.353981,442.0,10800,Europe/Sofia,GMT+3
data\Tomato_Plant_Stages_Dataset\Stage2_Flowering_Initiation\1710594999349.jpg,Stage2_Flowering_Initiation,2025-06-23,16.6,75,0.0,21.3,23.4,0.115,0.124,3.8,42.636204,25.353981,442.0,10800,Europe/Sofia,GMT+3
data\Tomato_Plant_Stages_Dataset\Stage2_Flowering_Initiation\1710594999357.jpg,Stage2_Flowering_Initiation,2025-06-23,16.6,75,0.0,21.3,23.4,0.115,0.124,3.8,42.636204,25.353981,442.0,10800,Europe/Sofia,GMT+3
data\Tomato_Plant_Stages_Dataset\Stage2_Flowering_Initiation\1710594999365.jpg,Stage2_Flowering_Initiation,2025-06-23,16.6,75,0.0,21.3,23.4,0.115,0.124,3.8,42.636204,25.353981,442.0,10800,Europe/Sofia,GMT+3
data\Tomato_Plant_Stages_Dataset\Stage2_Flowering_Initiation\1710594999373.jpg,Stage2_Flowering_Initiation,2025-06-23,16.6,75,0.0,21.3,23.4,0.115,0.124,3.8,42.636204,25.353981,442.0,10800,Europe/Sofia,GMT+3
data\Tomato_Plant_Stages_Dataset\Stage2_Flowering_Initiation\1710594999381.jpg,Stage2_Flowering_Initiation,2025-06-23,16.6,75,0.0,21.3,23.4,0.115,0.124,3.8,42.636204,25.353981,442.0,10800,Europe/Sofia,GMT+3
data\Tomato_Plant_Stages_Dataset\Stage2_Flowering_Initiation\1710594999389.jpg,Stage2_Flowering_Initiation,2025-06-24,19.8,72,0.0,24.1,24.5,0.105,0.124,3.1,42.636204,25.353981,442.0,10800,Europe/Sofia,GMT+3
data\Tomato_Plant_Stages_Dataset\Stage2_Flowering_Initiation\1710594999398.jpg,Stage2_Flowering_Initiation,2025-06-24,19.8,72,0.0,24.1,24.5,0.105,0.124,3.1,42.636204,25.353981,442.0,10800,Europe/Sofia,GMT+3
data\Tomato_Plant_Stages_Dataset\Stage2_Flowering_Initiation\1710594999405.jpg,Stage2_Flowering_Initiation,2025-06-24,19.8,72,0.0,24.1,24.5,0.105,0.124,3.1,42.636204,25.353981,442.0,10800,Europe/Sofia,GMT+3
data\Tomato_Plant_Stages_Dataset\Stage2_Flowering_Initiation\1710594999414.jpg,Stage2_Flowering_Initiation,2025-06-24,19.8,72,0.0,24.1,24.5,0.105,0.124,3.1,42.636204,25.353981,442.0,10800,Europe/Sofia,GMT+3
data\Tomato_Plant_Stages_Dataset\Stage2_Flowering_Initiation\1710594999422.jpg,Stage2_Flowering_Initiation,2025-06-24,19.8,72,0.0,24.1,24.5,0.105,0.124,3.1,42.636204,25.353981,442.0,10800,Europe/Sofia,GMT+3
data\Tomato_Plant_Stages_Dataset\Stage2_Flowering_Initiation\1710594999430.jpg,Stage2_Flowering_Initiation,2025-06-24,19.8,72,0.0,24.1,24.5,0.105,0.124,3.1,42.636204,25.353981,442.0,10800,Europe/Sofia,GMT+3
data\Tomato_Plant_Stages_Dataset\Stage2_Flowering_Initiation\1710594999438.jpg,Stage2_Flowering_Initiation,2025-06-25,23.1,36,0.0,26.4,25.8,0.087,0.124,7.5,42.636204,25.353981,442.0,10800,Europe/Sofia,GMT+3
data\Tomato_Plant_Stages_Dataset\Stage2_Flowering_Initiation\1710594999447.jpg,Stage2_Flowering_Initiation,2025-06-25,23.1,36,0.0,26.4,25.8,0.087,0.124,7.5,42.636204,25.353981,442.0,10800,Europe/Sofia,GMT+3
data\Tomato_Plant_Stages_Dataset\Stage2_Flowering_Initiation\1710594999455.jpg,Stage2_Flowering_Initiation,2025-06-25,23.1,36,0.0,26.4,25.8,0.087,0.124,7.5,42.636204,25.353981,442.0,10800,Europe/Sofia,GMT+3
data\Tomato_Plant_Stages_Dataset\Stage2_Flowering_Initiation\1710594999464.jpg,Stage2_Flowering_Initiation,2025-06-25,23.1,36,0.0,26.4,25.8,0.087,0.124,7.5,42.636204,25.353981,442.0,10800,Europe/Sofia,GMT+3
data\Tomato_Plant_Stages_Dataset\Stage2_Flowering_Initiation\1710594999474.jpg,Stage2_Flowering_Initiation,2025-06-25,23.1,36,0.0,26.4,25.8,0.087,0.124,7.5,42.636204,25.353981,442.0,10800,Europe/Sofia,GMT+3
data\Tomato_Plant_Stages_Dataset\Stage2_Flowering_Initiation\1710594999482.jpg,Stage2_Flowering_Initiation,2025-06-25,23.1,36,0.0,26.4,25.8,0.087,0.124,7.5,42.636204,25.353981,442.0,10800,Europe/Sofia,GMT+3
data\Tomato_Plant_Stages_Dataset\Stage2_Flowering_Initiation\1710594999490.jpg,Stage2_Flowering_Initiation,2025-06-26,21.9,60,0.0,26.4,26.8,0.106,0.124,4.0,42.636204,25.353981,442.0,10800,Europe/Sofia,GMT+3
data\Tomato_Plant_Stages_Dataset\Stage2_Flowering_Initiation\1710594999497.jpg,Stage2_Flowering_Initiation,2025-06-26,21.9,60,0.0,26.4,26.8,0.106,0.124,4.0,42.636204,25.353981,442.0,10800,Europe/Sofia,GMT+3
data\Tomato_Plant_Stages_Dataset\Stage2_Flowering_Initiation\1710594999505.jpg,Stage2_Flowering_Initiation,2025-06-26,21.9,60,0.0,26.4,26.8,0.106,0.124,4.0,42.636204,25.353981,442.0,10800,Europe/Sofia,GMT+3
data\Tomato_Plant_Stages_Dataset\Stage2_Flowering_Initiation\1710594999513.jpg,Stage2_Flowering_Initiation,2025-06-26,21.9,60,0.0,26.4,26.8,0.106,0.124,4.0,42.636204,25.353981,442.0,10800,Europe/Sofia,GMT+3
data\Tomato_Plant_Stages_Dataset\Stage2_Flowering_Initiation\1710594999519.jpg,Stage2_Flowering_Initiation,2025-06-26,21.9,60,0.0,26.4,26.8,0.106,0.124,4.0,42.636204,25.353981,442.0,10800,Europe/Sofia,GMT+3
data\Tomato_Plant_Stages_Dataset\Stage2_Flowering_Initiation\1710594999526.jpg,Stage2_Flowering_Initiation,2025-06-26,21.9,60,0.0,26.4,26.8,0.106,0.124,4.0,42.636204,25.353981,442.0,10800,Europe/Sofia,GMT+3
data\Tomato_Plant_Stages_Dataset\Stage2_Flowering_Initiation\1710594999535.jpg,Stage2_Flowering_Initiation,2025-06-27,23.8,59,0.0,27.7,27.4,0.106,0.124,3.7,42.636204,25.353981,442.0,10800,Europe/Sofia,GMT+3
data\Tomato_Plant_Stages_Dataset\Stage2_Flowering_Initiation\1710594999541.jpg,Stage2_Flowering_Initiation,2025-06-27,23.8,59,0.0,27.7,27.4,0.106,0.124,3.7,42.636204,25.353981,442.0,10800,Europe/Sofia,GMT+3
data\Tomato_Plant_Stages_Dataset\Stage2_Flowering_Initiation\1710594999549.jpg,Stage2_Flowering_Initiation,2025-06-27,23.8,59,0.0,27.7,27.4,0.106,0.124,3.7,42.636204,25.353981,442.0,10800,Europe/Sofia,GMT+3
data\Tomato_Plant_Stages_Dataset\Stage2_Flowering_Initiation\1710594999556.jpg,Stage2_Flowering_Initiation,2025-06-27,23.8,59,0.0,27.7,27.4,0.106,0.124,3.7,42.636204,25.353981,442.0,10800,Europe/Sofia,GMT+3
data\Tomato_Plant_Stages_Dataset\Stage2_Flowering_Initiation\1710594999566.jpg,Stage2_Flowering_Initiation,2025-06-27,23.8,59,0.0,27.7,27.4,0.106,0.124,3.7,42.636204,25.353981,442.0,10800,Europe/Sofia,GMT+3
data\Tomato_Plant_Stages_Dataset\Stage2_Flowering_Initiation\1710594999575.jpg,Stage2_Flowering_Initiation,2025-06-27,23.8,59,0.0,27.7,27.4,0.106,0.124,3.7,42.636204,25.353981,442.0,10800,Europe/Sofia,GMT+3
data\Tomato_Plant_Stages_Dataset\Stage2_Flowering_Initiation\1710594999584.jpg,Stage2_Flowering_Initiation,2025-06-28,24.4,70,0.0,28.5,28.1,0.1,0.124,6.2,42.636204,25.353981,442.0,10800,Europe/Sofia,GMT+3
data\Tomato_Plant_Stages_Dataset\Stage2_Flowering_Initiation\1710594999592.jpg,Stage2_Flowering_Initiation,2025-06-28,24.4,70,0.0,28.5,28.1,0.1,0.124,6.2,42.636204,25.353981,442.0,10800,Europe/Sofia,GMT+3
data\Tomato_Plant_Stages_Dataset\Stage2_Flowering_Initiation\1710594999600.jpg,Stage2_Flowering_Initiation,2025-06-28,24.4,70,0.0,28.5,28.1,0.1,0.124,6.2,42.636204,25.353981,442.0,10800,Europe/Sofia,GMT+3
data\Tomato_Plant_Stages_Dataset\Stage2_Flowering_Initiation\1710594999608.jpg,Stage2_Flowering_Initiation,2025-06-28,24.4,70,0.0,28.5,28.1,0.1,0.124,6.2,42.636204,25.353981,442.0,10800,Europe/Sofia,GMT+3
data\Tomato_Plant_Stages_Dataset\Stage2_Flowering_Initiation\1710594999615.jpg,Stage2_Flowering_Initiation,2025-06-28,24.4,70,0.0,28.5,28.1,0.1,0.124,6.2,42.636204,25.353981,442.0,10800,Europe/Sofia,GMT+3
data\Tomato_Plant_Stages_Dataset\Stage2_Flowering_Initiation\1710594999623.jpg,Stage2_Flowering_Initiation,2025-06-28,24.4,70,0.0,28.5,28.1,0.1,0.124,6.2,42.636204,25.353981,442.0,10800,Europe/Sofia,GMT+3
data\Tomato_Plant_Stages_Dataset\Stage2_Flowering_Initiation\1710594999630.jpg,Stage2_Flowering_Initiation,2025-06-29,19.8,83,0.0,23.5,26.1,0.151,0.124,5.4,42.636204,25.353981,442.0,10800,Europe/Sofia,GMT+3
data\Tomato_Plant_Stages_Dataset\Stage2_Flowering_Initiation\1710594999639.jpg,Stage2_Flowering_Initiation,2025-06-29,19.8,83,0.0,23.5,26.1,0.151,0.124,5.4,42.636204,25.353981,442.0,10800,Europe/Sofia,GMT+3
data\Tomato_Plant_Stages_Dataset\Stage2_Flowering_Initiation\1710594999648.jpg,Stage2_Flowering_Initiation,2025-06-29,19.8,83,0.0,23.5,26.1,0.151,0.124,5.4,42.636204,25.353981,442.0,10800,Europe/Sofia,GMT+3
data\Tomato_Plant_Stages_Dataset\Stage2_Flowering_Initiation\1710594999658.jpg,Stage2_Flowering_Initiation,2025-06-29,19.8,83,0.0,23.5,26.1,0.151,0.124,5.4,42.636204,25.353981,442.0,10800,Europe/Sofia,GMT+3
data\Tomato_Plant_Stages_Dataset\Stage2_Flowering_Initiation\1710594999665.jpg,Stage2_Flowering_Initiation,2025-06-29,19.8,83,0.0,23.5,26.1,0.151,0.124,5.4,42.636204,25.353981,442.0,10800,Europe/Sofia,GMT+3
data\Tomato_Plant_Stages_Dataset\Stage2_Flowering_Initiation\1710594999674.jpg,Stage2_Flowering_Initiation,2025-06-29,19.8,83,0.0,23.5,26.1,0.151,0.124,5.4,42.636204,25.353981,442.0,10800,Europe/Sofia,GMT+3
data\Tomato_Plant_Stages_Dataset\Stage2_Flowering_Initiation\1710594999683.jpg,Stage2_Flowering_Initiation,2025-06-30,17.7,84,0.0,21.8,24.4,0.14,0.124,3.3,42.636204,25.353981,442.0,10800,Europe/Sofia,GMT+3
data\Tomato_Plant_Stages_Dataset\Stage2_Flowering_Initiation\1710594999690.jpg,Stage2_Flowering_Initiation,2025-06-30,17.7,84,0.0,21.8,24.4,0.14,0.124,3.3,42.636204,25.353981,442.0,10800,Europe/Sofia,GMT+3
data\Tomato_Plant_Stages_Dataset\Stage2_Flowering_Initiation\1710594999698.jpg,Stage2_Flowering_Initiation,2025-06-30,17.7,84,0.0,21.8,24.4,0.14,0.124,3.3,42.636204,25.353981,442.0,10800,Europe/Sofia,GMT+3
